,benchmark,enhanced_lw,enhanced_sample,mv
2016-02-01,-0.0020419784201582015,-0.0006555326740596027,-0.0007551810079432831,0.000315733669132253
2016-02-02,-0.014216070795340126,-0.012095126360981073,-0.012084717138094952,-0.0061147414797106765
2016-02-03,-0.009491169571754731,-0.006086699500658025,-0.006254235393597773,-0.0016734902236897732
2016-02-04,0.005762733901172834,0.003427058958217793,0.0033661632625727527,0.006915221860581086
2016-02-05,0.010587143131572843,0.008037803840793195,0.007962300301236598,0.004199198796507385
2016-02-08,-0.012494383339083336,-0.014298855789622426,-0.014375273429582803,-0.0141395928690294
2016-02-09,-0.012189072589767896,-0.012710608852656203,-0.01257136419131104,-0.014088462859456634
2016-02-10,-0.007202680138960817,-0.007388815208901631,-0.0074561791208638435,-0.00565534788152257
2016-02-11,-0.03210038067913051,-0.0315781815602596,-0.03157312967609491,-0.028724929947584948
2016-02-12,6.579362848535176e-05,-0.0024844644837493436,-0.002636691025422522,0.0002665244177884579
2016-02-15,0.024141599828045236,0.02133331155572102,0.02121871078823642,0.01115352485830587
2016-02-16,-0.012854519449464901,-0.011805477140882209,-0.011671456168233561,-0.007171447631246448
2016-02-17,0.008532810873241902,0.009382193468502675,0.009361416365217125,0.004309338919028981
2016-02-18,0.011220021670625557,0.00937265708362987,0.009459325933787581,0.011818126900657795
2016-02-19,0.0027024912746955307,0.0009522942853526919,0.0011136782315071666,0.002651841513622192
2016-02-22,0.005425124943614718,0.0031210544827841432,0.003056559786641301,0.0021607764803937765
2016-02-23,-0.01817797691653831,-0.017386019911203678,-0.01738243047463094,-0.016644151969704507
2016-02-24,-0.010915556518366345,-0.010616323693567443,-0.010657960466436057,-0.008847382843749054
2016-02-25,-0.0060980095021138225,-0.009109417027237082,-0.009120586962062796,-0.012700025995942768
2016-02-26,0.007611469859725879,0.006369259769039468,0.006209234614394833,0.003432349610432021
2016-02-29,-0.007611171249648027,-0.0027136552910948394,-0.0025880455454444866,-0.010620361036159555
2016-03-01,0.030436518012968945,0.03230794393945799,0.03242385644245541,0.034090789533931055
2016-03-02,0.020789411717635754,0.01846377859525154,0.018239853607944147,0.01561087694235208
2016-03-03,0.01172332898968584,0.006496929575891559,0.0065447636052426775,0.00931472978228365
2016-03-04,0.0003034895861723718,0.0020255279753934644,0.002032211028591492,0.002300526547349686
2016-03-08,-0.0018147366636313063,-0.0017159296974380593,-0.0016408812857298932,-0.0018427542011284096
2016-03-09,0.007091534603895163,0.007334642283896877,0.007378344214923739,0.00627299180931093
2016-03-10,-0.005709997508814654,-0.004743753055011479,-0.004756883744829207,-0.0010527750481565958
2016-03-11,0.002315759163209104,0.0007351254405092911,0.0006089627925246604,0.0016116321377814156
2016-03-14,0.003748819874344351,0.00271682320168689,0.0027056170835894453,0.001990621152770097
2016-03-15,-0.006020644221777598,-0.006231036654015532,-0.0061826559411693885,-0.009649542330209081
2016-03-16,0.002142497849985863,0.0030327014951086985,0.0030502096454802043,0.001796814460555822
2016-03-17,0.0034597899759801535,0.002944466015796739,0.0028755555627661116,0.005386588300859871
2016-03-18,0.011987926466980109,0.00941579020725479,0.009321851026174954,0.0076623104238485035
2016-03-21,0.013489969156364578,0.011375514304365376,0.01123742901879888,0.012825010185375187
2016-03-22,0.001063399801626423,0.003488274537772088,0.00368406210585957,0.0030897199953199813
2016-03-23,0.0004226869293015257,-0.00017396461784461767,-0.00022383673041213896,0.0005015318329139621
2016-03-28,-0.012847749413218233,-0.008994950222779026,-0.008964088219969038,-0.0072175205080413805
2016-03-29,0.00032975602007047366,0.0009799111770143198,0.0009959110521583576,0.00019290002779839008
2016-03-30,0.01741281303512164,0.015057896614325415,0.015092973227833963,0.01256453128219712
2016-03-31,0.0019965926390857467,0.002704059726108769,0.0026582594526545337,0.007430590216818943
2016-04-01,-0.006231644379008029,-0.005700957138633042,-0.005584397918083085,-0.007250874628883875
2016-04-04,0.005354689842792567,0.005937868736838615,0.0058923998506185075,0.006487996106089449
2016-04-05,-0.019313818848559813,-0.014802562324283505,-0.014727549125053004,-0.007344681931371621
2016-04-06,0.0031091570776003424,0.004730162606880779,0.004737520614484391,0.004560040417216291
2016-04-07,-0.006626373931942828,-0.005573094423264122,-0.005441936643518281,-0.0027772809578198547
2016-04-08,4.58711579915439e-05,-0.00017128684192227244,-0.00017110211816997661,0.001678071488642896
2016-04-11,0.01565413850992849,0.012892382977905287,0.012685950043397985,0.013885203866300683
2016-04-12,0.00503668407918931,0.0051691341372067535,0.005233750674664176,0.008662049707397822
2016-04-13,0.01684215560926559,0.018071664965645554,0.018175617906886293,0.01341075934157544
2016-04-18,0.0057952776623084405,0.007229260141420533,0.007145285435161794,0.007896069858246563
2016-04-20,-0.0008215806116516341,-0.002045180158373826,-0.0019682852157090047,0.003908850483910178
2016-04-21,-0.0010807111817517593,-0.005611334306450407,-0.005570365990738511,-0.012927521854126364
2016-04-22,-0.0008335818618205485,-0.0017297856382354512,-0.0016581247575471842,-0.002988657116228475
2016-04-25,-0.004326563276503035,-0.005057193144049135,-0.005197897771517784,-0.0032065711152373675
2016-04-26,0.011936829102131152,0.012265793549617281,0.012112003574011784,0.0077885182553934194
2016-04-27,0.00402623118823588,0.0053741512681798964,0.005212866326391029,0.005734771025176534
2016-04-28,-0.01403412435820452,-0.013537474874696413,-0.013601053050742357,-0.007335097163580925
2016-04-29,-0.0006293803565349656,0.0011399653556364866,0.001124758535421405,-0.002115536446651544
2016-05-02,-0.005140215382726841,-0.003014535292886789,-0.0029767566692825145,-0.002848893820679815
2016-05-03,-0.008235715117287205,-0.007175632378278821,-0.007243143771686253,-0.004883339038119977
2016-05-04,-0.00541857352419962,-0.0019437585983790716,-0.002085292869895116,-0.002869860245861614
2016-05-05,0.0001658231687092062,0.00042398612432513754,0.0004294083481893247,-9.439573074740957e-06
2016-05-06,-0.0010571032093100005,-0.0013920162916051333,-0.0015099866833719292,-0.0030613001734785704
2016-05-09,0.01422317616189287,0.014572585517922357,0.014570275264169864,0.008761755505947558
2016-05-10,0.002749431095527451,0.0019936010513166053,0.001979750179804939,0.005939991251281977
2016-05-11,-0.0036071745713398594,-0.0024935477149079467,-0.0024931513693870998,-0.0007553125215164926
2016-05-12,0.007839382348547877,0.007805015274414249,0.007747625567458356,0.008309159062859856
2016-05-13,-0.01054783961417696,-0.010466897949205883,-0.010525911530422587,-0.0013033711127488513
2016-05-16,0.004367154172811735,0.0064183878928541615,0.006351136159770394,0.0068407652239648835
2016-05-17,0.0028321668042264286,0.0025257339264753292,0.0025689179445017147,0.001042545492540843
2016-05-18,-0.0019021588075663876,-0.0037141524256037294,-0.003694755663419835,-0.007138983794403727
2016-05-19,-0.010292443533205712,-0.007525419022601576,-0.007580885403162099,-0.003107543567975996
2016-05-20,-0.004111805940366104,-0.004555338550020683,-0.004495160499543905,-0.005254222327801362
2016-05-23,-0.0033715009337481777,-0.0028982409928261653,-0.002803594061624345,-0.0012519919643461908
2016-05-24,0.0008259244204520299,0.0017560838850004378,0.001828817875750166,-0.00040064235885847315
2016-05-25,0.02162098452946869,0.01730447493755313,0.01708480834994059,0.019892689494930046
2016-05-26,0.013886364213510326,0.00990861791330659,0.00986340163074436,0.005022874978186065
2016-05-27,0.011760738117760924,0.01331340186752303,0.013411815789737512,0.007637088314580291
2016-05-30,0.004742891498563182,0.0032335122863796687,0.003236392250256525,0.008920082859945506
2016-05-31,-0.007173971920671782,-0.006589986998339739,-0.006513246573523121,-0.010642325527160653
2016-06-01,0.004781965055722671,0.0040937821179622465,0.003958558797910445,0.009977541151184075
2016-06-02,0.005039786272494972,0.006574834479983874,0.006663109677334206,0.0035802207479046127
2016-06-03,0.0006480898682687966,0.0011791650326822322,0.0012630811926086726,-0.000937271033598442
2016-06-06,-0.002961364433615694,-0.0028775249201618636,-0.0028301881519721688,-0.0020144286783774093
2016-06-07,0.009361044132938421,0.005569634405752073,0.005518544905991653,0.006183105365327302
2016-06-08,0.00025399642845416314,-0.0006301209758527136,-0.0005945452965971488,0.0013584824673174892
2016-06-09,-0.004002150908153652,-0.004187671338055761,-0.004150319385684673,-0.007409675763351811
2016-06-10,-0.003625140335525058,-0.003332117105945252,-0.0032892982352544227,0.0012258492152570455
2016-06-13,-0.006427410629020128,-0.006040513713109064,-0.006100402578687049,-0.006350891139179982
2016-06-14,0.0004681063020638372,-0.00029497624770874725,-0.00023033491388638666,-0.0020571306860963793
2016-06-15,0.01289996150050457,0.012459244425660397,0.01235276534977464,0.011231994120985736
2016-06-16,-0.006026324412241742,-0.005102960471725133,-0.005142354440108108,-0.0004469368691099473
2016-06-17,0.0028749115111781163,0.0025965790244056393,0.0024914503971977453,0.007431904122796681
2016-06-20,0.007527670966246224,0.00597636136020076,0.005950113554635332,0.004269557059529396
2016-06-21,-0.003351489103171042,-0.0030571859592410464,-0.003098669518555643,-0.003764767683518826
2016-06-22,-9.67583859852987e-06,-1.0366806681789904e-05,-7.346684264292953e-06,8.092637123010703e-05
2016-06-23,0.0064316478187612484,0.005597300782958693,0.005650134243178119,0.004507244390236834
2016-06-24,-0.019457935658586587,-0.014921681735234091,-0.014856713343525852,-0.009061553321332953
2016-06-27,0.0009075271005920243,0.0004707997395135857,0.0005192867507345996,-0.0026086888989825955
2016-06-28,0.004019834312314715,0.006107033853648986,0.006164153555722464,0.009286262974627691
2016-06-29,0.008993573859529131,0.011186442399945257,0.011167247306957123,0.009310606902803484
2016-06-30,0.011581882820036563,0.011435336806339154,0.01141439519572585,0.01741055227991316
2016-07-01,0.004100023761804881,0.003640420830290972,0.00384919664154597,0.001522825171970671
2016-07-04,0.004452445415479579,0.0007263249819682037,0.0007823908113597559,-0.0014913971010884837
2016-07-05,-0.004428031901300128,-0.004832602394731942,-0.004776204905290746,-0.006019196307550101
2016-07-07,-0.001407797529568347,-0.0004323974023156123,-0.0003475308710009749,0.00335460546542141
2016-07-08,-0.0027967268036620902,0.0006483750182830002,0.0006677177160223365,-0.001785669855628088
2016-07-11,0.016556090953154367,0.016989864465705277,0.016968384440614916,0.014343777682363898
2016-07-12,0.006367335173333709,0.005692463545598647,0.005743777773870836,0.0031455293039062884
2016-07-13,0.0007013997395131389,-0.00035049291837273625,-0.0003433052014333154,0.0007263671555023735
2016-07-14,0.0054122065404482765,0.005122837384896732,0.005016148112260341,0.007288155515074051
2016-07-15,-0.0012189374277719444,-0.001470404940496539,-0.0014287253445836763,0.0015532554671454837
2016-07-18,-0.004743454587555952,-0.002511259468128951,-0.0025258125301318105,-0.004691758260381772
2016-07-19,0.0016749999498829608,-0.0002844781778889318,-0.0003750287286236187,-0.0023262963227594414
2016-07-20,0.005866538042316373,0.005232344228972749,0.0051677845300344555,0.008609263733954693
2016-07-21,-0.004702183071716504,-0.002918321847715525,-0.0029443915435606537,0.003066616231096298
2016-07-22,0.001588720984598532,0.0017724375718379465,0.0017589053871150066,0.00596832205727273
2016-07-25,0.011685865375233818,0.011554829284957475,0.011488088348636693,0.007398150845739734
2016-07-26,-0.002809306109048307,0.0003482112206777715,0.0005715491555143295,0.0007751002435954995
2016-07-27,0.0017603070433482807,0.0033158249992565037,0.003293604506812831,0.0007724739658725641
2016-07-28,0.008761378907365391,0.009658929140717514,0.009532245042387918,0.011979720034196067
2016-07-29,-0.0013783800698549502,-0.0014187734802784651,-0.0014799996257259048,-4.133547852504509e-05
2016-08-01,0.0032052696392683698,0.005522781302135941,0.005300256053493867,0.002040285660776774
2016-08-02,-0.0003948024957518049,0.0012384024768145204,0.0013210957993252414,-0.0007586575799916522
2016-08-03,-0.008727906816130875,-0.009877540438481519,-0.009937780710927897,-0.008574803901243686
2016-08-04,0.0006756356238140647,-0.0005959596367226284,-0.0007446085288594901,0.0003804177905643091
2016-08-05,0.013727389373248373,0.015400936622388695,0.015588751133570165,0.014650538562438122
2016-08-08,0.0016098214644005389,0.0014126833652949458,0.0014354664796486,0.003873719776219641
2016-08-09,-0.0013491539337384527,-0.002465965259735817,-0.0023756231529981184,-0.0040332021026403065
2016-08-10,-0.010578205377538279,-0.01391344116836896,-0.014046775087339133,-0.021374647792364528
2016-08-11,0.00328394861420719,0.002002990101411616,0.002073223201086561,-0.007097030489704393
2016-08-16,0.006530171167166786,0.005121475253624128,0.0053445816278998096,0.002403744443283132
2016-08-17,-0.0035050844578430012,-0.003531065734699385,-0.0034525609079235986,-0.004053312654778202
2016-08-18,0.007391810191128332,0.007664797745343057,0.007523050269205448,0.007148948495115087
2016-08-19,-0.0005841411779936025,-0.00020513260680121454,-3.7833700024085006e-05,0.0007944537993458725
2016-08-22,-0.005264672281457586,-0.004851510637329553,-0.004731559539572453,-0.0018659564377320184
2016-08-23,0.0009652890741420338,0.000349463406575325,0.0001757805460372779,0.003995568816935411
2016-08-24,0.0022121994434972096,0.002866873108056453,0.0028737077090308766,0.00487092892029862
2016-08-25,-0.0063940866682369755,-0.0065229962499531585,-0.006598892586761008,-0.008471832475329547
2016-08-26,-0.002700583237043209,-0.0013041372399505858,-0.0012394604316587317,-0.003548716822983874
2016-08-29,0.0009897156841998922,0.0012459405509837452,0.0013708151640328288,-0.008328688710622766
2016-08-30,0.014415112258781925,0.015447534052655495,0.01546374655670252,0.017177392729427397
2016-08-31,0.003903279660949099,0.0052475111995073905,0.005188419779115554,0.00014947664329187886
2016-09-01,-0.004005776398200193,-0.004110593118114108,-0.004059680348019256,-0.003927660901367905
2016-09-02,0.0034404014897890106,0.0021748611422025693,0.0020982841378454366,-0.0009503773721220237
2016-09-06,0.012761759259468814,0.0149564772722194,0.015171496563295358,0.015335506212325118
2016-09-07,-0.0025273712637027893,-0.004847581201732156,-0.004814314027432475,-0.009188255507691043
2016-09-08,0.004782737486138931,0.004537765808449541,0.00450901519241414,0.00532051706689759
2016-09-09,-0.006823629777452326,-0.0062966068815357105,-0.006286183548089354,-0.005163808244271755
2016-09-12,-0.016002284352051664,-0.01784822962365528,-0.01796896429940565,-0.014543454677735665
2016-09-14,0.00019127625984035788,1.9285913828089455e-05,0.00012551329184787904,-0.003523127067231317
2016-09-15,0.0021145623338682394,0.0007920882241379941,0.0006835931349571202,-0.0002608338530917041
2016-09-16,0.005906958779583699,0.004757132780759517,0.004580095162903985,0.009210978993899263
2016-09-19,0.003639724495325702,0.0044122680861845235,0.004606043884516662,-0.0001465428530464565
2016-09-20,-0.003060783845700787,-0.004458377239401536,-0.004580327196216186,-0.0012321061207148257
2016-09-21,0.00038899397282385285,0.00017230522954999716,0.00023231070260140908,-7.210399593293206e-05
2016-09-22,0.009894823403688953,0.012411133486512155,0.01263003295180182,0.009321114149217977
2016-09-23,-0.0024207042416117385,-0.0016224727505315976,-0.0015528306565143963,-0.0005620187344325135
2016-09-26,-0.011049101746802787,-0.01029792255311352,-0.010461990297489556,-0.006880987177013521
2016-09-27,-0.0021649418281412132,-0.0015564582252494857,-0.0015272822757282716,0.000687640978167665
2016-09-28,0.0027912475393052625,0.002121256279331223,0.002101894822391941,0.0005362558081683825
2016-09-29,-0.017958911649946285,-0.020116452050941116,-0.020164141704715526,-0.021178437443984524
2016-09-30,0.002459430230324065,0.0037240956359502076,0.0035809700491573337,0.0064976053972620774
2016-10-03,0.014624500902915272,0.013442526048821414,0.013287098722328186,0.013241468310293256
2016-10-04,0.003817385959732448,0.001229528596747906,0.0011935714082646498,0.002099960098570356
2016-10-05,-0.0033530942303059076,-0.0019563113545414696,-0.0019614796400921892,0.0008195013953959237
2016-10-06,-0.002761581650261039,-0.002596958882454981,-0.0025379114977887728,-0.003891443736862342
2016-10-07,-0.0025186328800828454,-0.001912044414231196,-0.0019231270559091295,-0.0025188955597054735
2016-10-10,0.0008209014209376766,0.0016097067680008,0.0015743721239179877,0.00206048729499663
2016-10-13,-0.013950207430895466,-0.015573246224216833,-0.015656114340592282,-0.013868245390636743
2016-10-14,0.0037744591624054432,0.003002805592526263,0.0030656619963673522,0.0025413942460267413
2016-10-17,-0.005977847226037619,-0.008393428183402326,-0.008394458728584069,-0.008597436701722291
2016-10-18,0.01603157711529933,0.015584932643112028,0.015667347901336913,0.01731699592129633
2016-10-19,-0.0010380276486107998,-0.0027558358818086178,-0.002780523083737495,-0.0016431433497744114
2016-10-20,0.0034263156569828883,0.0014022867521437917,0.001410073432015429,-0.0008268439612613937
2016-10-21,0.000994529257196144,0.0008945487704169773,0.0008443502798960283,0.002934278612722782
2016-10-24,0.0005737322931328479,-0.0016873064351208785,-0.001651775807546893,-0.00621666604601338
2016-10-25,-0.0008633722392985398,-0.0023490594702491293,-0.0023083881136002457,-0.003864621189461566
2016-10-26,-0.00614810754863111,-0.006396558217447231,-0.006553563906858771,-0.004963997198581027
2016-10-27,-0.0007760225838033861,-0.0034647052865243964,-0.0033929361848582277,-0.0016657429575950558
2016-10-28,0.0008641588412634047,0.002465843798680455,0.0024764838552604014,0.0002891644017573825
2016-11-01,-0.001898485247294008,-0.0005392337230468181,-0.000609980888654322,-0.0007609829300058019
2016-11-02,-0.013801422574732733,-0.012706076549028809,-0.012682813599662144,-0.011782635224384466
2016-11-03,-0.003923963936577648,-0.0003523657659963456,-0.00023684597839748216,-0.007070953054149565
2016-11-04,-0.007090943639977965,-0.007166083549735245,-0.007000006878193955,-0.00463497830599975
2016-11-07,0.005300574462465242,0.004452296546868712,0.004301361127740098,-0.0017240232169903596
2016-11-08,0.0015204645563027376,0.003245529833150661,0.0032678461041433793,0.0027450522308733326
2016-11-09,-0.01243144300020715,-0.01438258106227867,-0.014479625550752091,-0.009056227861054287
2016-11-10,0.01508604787798187,0.012191661013147592,0.012253820813823191,0.01433899667997776
2016-11-11,-0.02300982953347458,-0.02409138737835314,-0.024066998880531553,-0.02283675786243514
2016-11-15,-0.018557363093230687,-0.02130176683491549,-0.02109809525184432,-0.02027045053045176
2016-11-16,0.001985776692632514,0.006200327034275912,0.0062424372323401965,0.005482554768097277
2016-11-17,-0.0065350151477189,-0.006957722832609281,-0.00691414654752036,-0.005812645618503815
2016-11-18,0.000600929473573338,0.0017760345354312945,0.0017822557869234168,-0.0012619212358610892
2016-11-21,-0.016368915312938836,-0.017456149675866662,-0.01723412537080283,-0.014394611468115385
2016-11-22,0.008828832523161247,0.010555759736012674,0.01046329819617271,0.010380254464751507
2016-11-23,0.004741364868837449,0.005779063300753529,0.006006639159918546,0.0037268502175995945
2016-11-24,-0.0071036317289185896,-0.007862127312085382,-0.007816724759522829,-0.002634776813290902
2016-11-25,0.018444612351877727,0.01970811133592751,0.019755782201120082,0.020269228010834223
2016-11-28,0.0016885691477905697,0.001844875296766283,0.0018541973373167493,0.006838146913990047
2016-11-29,0.0017807701109809457,0.0009326176865173034,0.0007679682846858877,0.0011484463002245323
2016-11-30,0.010907325224049894,0.009658700030995913,0.009567000470882488,0.00890307291115987
2016-12-01,-0.004589535176345793,-0.005909721333701129,-0.00600672909164224,-0.008314832268922318
2016-12-02,-0.011216538568930961,-0.011398303741229826,-0.011402584706072893,-0.011860821595859381
2016-12-05,0.006436369159325558,0.005624531897359571,0.005516135614407324,0.004085218542614447
2016-12-06,-9.18940189344088e-05,0.00032434428264783516,0.0004234499434179128,0.0007496342170379763
2016-12-07,-0.006984520465654959,-0.004980866122593065,-0.004900841760690275,-0.0028407907172774216
2016-12-08,0.01633003116228069,0.01611734415707595,0.016121000843116885,0.012258562650938928
2016-12-09,0.002814485603368116,0.0004539783809790362,0.00043678487288729045,-0.0008247663063811113
2016-12-12,-0.010396203244065698,-0.013131117267655056,-0.013081746658438389,-0.011064557616742297
2016-12-13,0.003579968752424006,0.0015806041797030298,0.0015015485870108255,0.0041467707866391125
2016-12-14,-0.0051342048890158165,-0.005994454980144939,-0.006088233274028739,-0.007083119861843672
2016-12-15,-0.0018119815421773142,-0.0012996374511029538,-0.0011611227288211463,-0.004655196978229804
2016-12-16,-0.0033347644287246214,-0.002078992554184047,-0.0021635890328428066,-0.0010341221658174073
2016-12-19,-0.005433911934640346,-0.006271885583582719,-0.006250328593076574,-0.004720565506814356
2016-12-20,-0.002477161229444411,-0.0023106660624596827,-0.002234518417536148,-0.004738097336402363
2016-12-21,-0.0019712306059780685,-0.0017282040901308016,-0.0016441103734838986,-0.003201770691147106
2016-12-22,-0.012521326523741142,-0.012682522146665038,-0.012734597628280789,-0.010909413288884976
2016-12-23,0.0002562528783584216,-0.0002108812801721885,-0.00047527668817408625,-0.011435891881013838
2016-12-26,-0.008817612725280507,-0.009210528012338522,-0.009214585837281868,-0.012715391519866191
2016-12-27,0.014810261123634285,0.014823294540688554,0.014837361361926947,0.014389257867530921
2016-12-28,0.0005276812160921427,0.0008968555470851591,0.0008142523814876892,0.004963748969153844
2016-12-29,0.009073103812013742,0.01112476719664409,0.011006558320126229,0.008692925453215924
2016-12-30,0.009461729239282384,0.008277006975499808,0.008174774319483139,0.006907230928547106
2017-01-02,0.0021451020480743365,0.004442964934014663,0.004411783145027118,-0.0010841169582365725
2017-01-03,0.0022865644565377634,0.002215198559763486,0.0022066712623945704,0.0021149510891463955
2017-01-04,-0.0011001132199692757,-0.0031905444773466327,-0.0032238622377349147,-0.0035997392272892692
2017-01-05,0.009767823216948688,0.01351476746759852,0.013475769897397414,0.01470690280943118
2017-01-06,-0.0042791101024036195,-0.0044553826920072275,-0.004408997744371762,-0.004227572700968779
2017-01-09,-0.0013414061230945348,-0.003236917022762785,-0.0032446534722450895,-0.0033576060735507674
2017-01-10,0.006405880089615143,0.008125819216954556,0.00810596986191539,0.005374111838323381
2017-01-11,0.011388649273183019,0.01338974600236745,0.013401290178338111,0.012095283201709042
2017-01-12,0.0028860218201473345,0.004585893490127581,0.0046823850804271466,0.003402544106169938
2017-01-13,-0.002382558838454082,-0.0030511404584016902,-0.0030719947108398564,0.0005275274755042901
2017-01-16,0.0008402291431392528,0.0020444004028615133,0.0020008947361514103,0.0018108978081666305
2017-01-17,-0.0009610657436597949,-0.0015983792874911472,-0.001590074378263871,-0.0009034920936811483
2017-01-18,0.0041088909342016505,0.006808015151148481,0.0068224538109601844,0.005424985244365414
2017-01-19,0.0014226127716891125,0.002298183807989326,0.0022887426573068668,0.0004748706042329412
2017-01-20,-0.01064820912917426,-0.01167196625451516,-0.01169295265064338,-0.006890954080288638
2017-01-23,0.004243858839738511,0.009189858753519865,0.009258724213540974,0.005908123824636765
2017-01-24,0.009066435976432027,0.010266371937005603,0.01026980321712236,0.00672715291559591
2017-01-25,0.012109668012595137,0.016719493287185395,0.016906397602814434,0.006707670347124749
2017-01-27,0.004481027123289591,0.002555052178702288,0.0025028021878893067,-0.0020006424695356304
2017-01-30,0.0015603580046607472,0.0016620609019932602,0.0015935142333439777,0.001221952279871428
2017-01-31,-0.008680987100692567,-0.006329035588655436,-0.0063539304241299055,-0.004614894980416601
2017-02-01,0.013471685957099279,0.012292051361806545,0.012182767870762435,0.002905335898367875
2017-02-02,0.004984707291951321,0.003017607352222096,0.003159638821521935,0.004152083706212531
2017-02-03,0.002366109627083457,0.0006135749112072338,0.0005694723562225758,0.005609527450747502
2017-02-06,0.008268947869661102,0.007990782381171565,0.00811630161062194,0.00879255570607094
2017-02-07,-0.004244136861442299,-0.003720261531078948,-0.0037038577601418658,-0.008817553516556017
2017-02-08,-0.00023409425415684464,0.0001257668779624889,0.00021331334949289423,0.0006140853206093766
2017-02-09,0.0007549887512674345,0.0003560919116894705,0.00043406034187647846,-0.000231228185001451
2017-02-10,0.004797883087344426,0.005175470298567536,0.005310960084254325,0.0015129721836071707
2017-02-13,0.0015606845543133794,0.0014711063599180823,0.0013318145523076887,0.005883761684472107
2017-02-14,-0.00041413099636188207,-0.0013759563047660345,-0.0013102821628743345,-0.0027369237438348098
2017-02-15,-0.004505499231633293,-0.0018258020357507887,-0.0016756632241106673,-0.0003513617413519035
2017-02-16,0.008304297357724621,0.007819890567465546,0.007807418521229713,0.007923495438073929
2017-02-17,0.004210624618086555,0.0026813337031982654,0.0026198358232771466,0.005475662177006591
2017-02-20,0.009475340100491534,0.011470530737519745,0.01152739289787584,0.010840725422317923
2017-02-21,0.001961246608773881,0.0021093748118599137,0.0020708593635776202,0.005340018687121189
2017-02-22,0.004029343645948329,0.0054099921622113994,0.005425136962610096,0.004193664801847234
2017-02-23,0.0019472326530084044,0.001531414890171685,0.0014804381129728133,-0.00012596909289607416
2017-02-27,-0.002796813480538572,-0.000912683150558682,-0.0008023106106265815,0.0022984792675829055
2017-02-28,-0.0009693431746693033,-0.00350231734593447,-0.0036138655071225067,-0.004462721429706664
2017-03-01,0.005665867142242291,0.004992788195528679,0.004966049632880861,0.0034898491424523942
2017-03-02,-0.007120314943084857,-0.007932529416114872,-0.007988361013180297,-0.007969376837125342
2017-03-03,0.0005800893172465684,0.000755403259836187,0.0007456302491408216,0.0015616708672982382
2017-03-06,0.007450021315655348,0.007599166483566252,0.0075787466200237415,0.006119682798625327
2017-03-07,-0.0005340960209244607,-0.0012182959581451894,-0.0011503788100846195,0.0015447910054452478
2017-03-08,-0.00148260147583716,-0.0028552654553874023,-0.0028772831414208906,-0.002187775203898281
2017-03-09,-9.231880961083143e-05,-0.0006838927529164941,-0.0007236885824772634,-0.008443857902152295
2017-03-10,0.0011409054649344494,9.866426116030236e-05,0.00011385492371725736,-0.0003642695348144492
2017-03-14,0.016604042261856314,0.0161879668439406,0.016223158389448246,0.01549433003246236
2017-03-15,-0.0015514052764353233,-0.0012552797865319786,-0.0013032513292210398,-0.003565426384941929
2017-03-16,0.0074284560709358015,0.009878969431698399,0.009853083437846626,0.009095655480683015
2017-03-17,-0.0007401803302183712,0.00039143032412480107,0.0004534312404740818,-0.00016280096197248707
2017-03-20,-0.0033243938896794062,-0.0014038321323092558,-0.0013984376890795866,0.0007213306061304632
2017-03-21,-0.001011337858616939,0.0013527421674587785,0.001387317749610263,-0.0012311452181027877
2017-03-22,-0.008564170878427051,-0.009192012147975053,-0.009225243131495626,-0.0013852180329365041
2017-03-23,0.00423352219793816,0.004087903867961194,0.0040128797444361035,0.005528001200359376
2017-03-24,0.00207499581996386,0.0019176000238742155,0.001827200732914868,0.0010529142346797494
2017-03-27,-0.00826704890652374,-0.009060299148950589,-0.009001042866976812,-0.00984651363147155
2017-03-28,0.004996487485186345,0.003955959638621804,0.003985836909074044,0.0042325152420663835
2017-03-29,0.004665988409730368,0.004522629753723883,0.00453197350854343,0.005189303693986845
2017-03-30,0.005429388718742563,0.004259430726958163,0.004300603972304952,0.00529002287566095
2017-03-31,0.0017787129394314799,0.0037476653269098333,0.003718891877017823,0.003651246020508935
2017-04-03,0.004925370734337394,0.002789274747615482,0.002916882810732332,0.0010618123978362122
2017-04-05,0.007612352610689811,0.008479253341545196,0.008504622582059354,0.0027022850805492457
2017-04-06,0.0006253729765516186,0.0027942132811828013,0.002824806773760368,0.003335349903815948
2017-04-07,-0.0065665247870447165,-0.0038570332609498843,-0.0038117707988525296,-0.005590802778671669
2017-04-10,-0.0006350751719419749,0.0023513479914931677,0.002355491892247547,-0.0017259039439450458
2017-04-11,0.0045569566913594714,0.003821323776333467,0.003704783915629221,0.0018173147080771126
2017-04-12,-0.0038624755031745274,-0.004426215107892453,-0.004471440626519983,-0.0013607885116071854
2017-04-13,-0.005959172240178144,-0.006690074318263051,-0.0067696121977054635,-0.003631405646907605
2017-04-17,-0.002769343643510661,-0.002911311639946796,-0.002963160925528926,-0.004672500097213643
2017-04-18,-0.004905542351963868,-0.004582107146286189,-0.004597970725668105,-0.004031770200273469
2017-04-19,-0.00043127071886565915,0.0009036141717865857,0.000822337752413846,0.001608307524150899
2017-04-20,0.0036900179876398374,0.0036551205151364842,0.0036521468546663015,0.003094867629506895
2017-04-21,-0.0008898727525856783,0.0008822798642877495,0.0009669343448493648,0.0002490151230409055
2017-04-24,0.011220007384552125,0.011285411523719362,0.011306342144091649,0.0056391603376349355
2017-04-25,0.010146252837124892,0.010721892269069448,0.010770831467461257,0.008274068681800128
2017-04-26,0.0026035193871225657,0.00441485948036733,0.004531464432081582,-0.000601421200275647
2017-04-27,-0.0012328038884289831,-0.001209608894572706,-0.0013446381280059973,0.007461241624771155
2017-04-28,-0.0016883689174219303,-0.0007999869958466306,-0.0008166491173301198,-0.0017315696389171278
2017-05-02,-0.0015992865287422036,0.0013257372365505994,0.0013019329549161785,0.0007592204901622549
2017-05-03,0.0016831709091315163,0.001593227994060584,0.0015153143790695369,0.005120654437732033
2017-05-04,0.00625230613505585,0.0022328397503350197,0.0023042893161928308,-0.0010583883764137714
2017-05-05,-0.007273871483813203,-0.009391652941769186,-0.00946189744130414,-0.0053958236683720896
2017-05-08,0.004517666155449695,0.003032880001808847,0.003000798063936794,0.003429604523416554
2017-05-09,0.0006841345344808067,-0.00017887753336226056,-0.00020920435137585595,0.0008505856846137337
2017-05-10,0.011469244984694473,0.008839694697439468,0.008767718402578478,0.01148962387592866
2017-05-11,0.0015991739117746,0.0019744629080922045,0.0020515172673399706,-0.003559163352054879
2017-05-12,-0.0014222237780662874,-0.0014530898171344175,-0.0015188778163133987,0.003244732373126816
2017-05-15,0.004592482985469786,0.007245749892284136,0.007117762328189687,0.002386205449601398
2017-05-16,0.007908440769948902,0.008128906938767208,0.008328158928324628,0.003453206390270484
2017-05-17,0.0010234636673482215,0.0003536050989523862,0.00025625343843341394,-0.0001127033058891749
2017-05-18,-0.008981348165268955,-0.00833590890019986,-0.008316450671656787,-0.004501474640243853
2017-05-19,-0.00046167366117128635,-0.001501606242812849,-0.0014032336603088586,-0.0006689650432361253
2017-05-22,-0.0009125475663306348,-0.0016296160735165524,-0.0015258467456536644,0.0013591973321862134
2017-05-23,-0.005211045356955432,-0.004101579517221618,-0.004192552965617533,-0.006392315826239709
2017-05-24,-0.00453700017621456,-0.003113527378838801,-0.002998126631768732,-0.004856058930337029
2017-05-25,0.01509396849002629,0.015453998249104432,0.015535908161624444,0.007531581914970904
2017-05-26,0.00821011820315833,0.009707507346668824,0.009666105272722622,0.003731237895328445
2017-05-29,-0.001530720992863014,0.00296179785848556,0.0028808729898584726,0.008386260381378775
2017-05-30,0.0033936749974149325,0.003541308144331171,0.00364550105462531,0.0033347970082946202
2017-05-31,0.0006907452054723486,-0.00026741899295442464,-0.00031583871767233024,5.349418134316111e-05
2017-06-01,-1.454428667003473e-05,-0.0011507537714994362,-0.0010803417686653513,0.0003518383926624304
2017-06-02,0.00432309517628131,0.003226407611452285,0.0031876173145655193,0.005849299327097408
2017-06-05,0.004145605824019534,0.0036576794734293804,0.0036046703901157044,0.0034661293976268083
2017-06-06,-0.002731106258293808,-0.003947624861037208,-0.003934836812048988,-0.0010199453816895384
2017-06-07,0.003508415196979253,0.003558950264083177,0.003576859391062614,0.0008409956431990728
2017-06-08,-0.004073657556253738,-0.00285247518699078,-0.002947668530406315,-0.00048499058281305317
2017-06-09,0.0014557239918151436,0.002764413928452816,0.002672169638265053,-0.0013432551572493507
2017-06-12,-0.006174626286300541,-0.0068806898588464555,-0.006743182225269614,-0.0036793432793808503
2017-06-13,-0.0006960099905335038,0.00027370235315169394,0.00023684010285490958,-0.0016541553142002735
2017-06-14,0.0027327515873731387,0.002396205716819223,0.0025029822904927184,0.0001846130262258142
2017-06-15,-0.003041109679239923,-0.003893044597958109,-0.0038357399173357238,-0.00020870965174731634
2017-06-16,0.0010153183865870684,0.0025488754659246686,0.002470726165928271,-0.0014390188030568708
2017-06-19,0.0074482946592488095,0.007974098867200859,0.007875992746872557,0.0036623890307277856
2017-06-20,0.0001365028953732141,0.000205144883424471,0.0003120310176960989,0.0018882343575682844
2017-06-21,-0.00012401520819084106,-0.0005915300198050127,-0.000542527469853933,0.0010317385838235558
2017-06-22,-0.0008971728783952527,-0.0017984407956001685,-0.0017829149416053686,-0.005298276557371523
2017-06-23,-0.006250848154299359,-0.008006801731889454,-0.007904764719318176,-0.004569513497916195
2017-06-27,-0.0066588923112088656,-0.007074647756506383,-0.007039427474276249,-0.005205176910688004
2017-06-28,-0.0010216697191220959,-0.0018237655446495138,-0.0018481360279645127,0.000793038201541458
2017-06-29,0.0015097844077448554,-0.000283743003181055,-0.000283091235875098,0.0009281498417378882
2017-06-30,0.0027008156939294695,0.001739456037557839,0.00159197495543986,0.0014029936613292214
2017-07-03,0.008993198313652757,0.008663641570318932,0.008666520885525312,0.0036642508560729785
2017-07-04,0.00016653729511382308,0.002054564759822005,0.0021214302531198017,0.0022883560405986443
2017-07-05,0.003064575774880425,0.0033145674990621397,0.003298345178608962,0.0028595294658431453
2017-07-06,0.002940749779676857,0.0031854798215188098,0.0031638609773135228,0.0002928220213601952
2017-07-07,0.0010935627045311606,0.0009734009211818708,0.0010018458602618378,0.0019271336875956754
2017-07-10,0.012689667127921257,0.010329362489291335,0.010206230258147308,0.010728554466420315
2017-07-11,-3.070555700507153e-05,0.0014276635072040511,0.001434216028835249,-0.0015542954314447567
2017-07-12,0.0036540205743816256,0.005987387823236684,0.006206447296897072,0.0063122639897340545
2017-07-13,0.008106057732398125,0.007498288890519767,0.007483436924110967,0.0025586996388721715
2017-07-14,0.00024521720169210805,0.0004573830007498844,0.0004701842743147236,-0.00021495712384254884
2017-07-17,0.004673375954751653,0.006016276792473574,0.006268725464238746,0.009586441010124635
2017-07-18,-0.0062928450577682035,-0.005447544015381341,-0.005429249426752704,0.00012119114925331575
2017-07-19,0.009505238567152628,0.008082946347533655,0.007909631981806671,0.010073800123243146
2017-07-20,-0.0005775452028146906,-0.00011308288005978012,-0.00016377855312019012,-0.001337038503942711
2017-07-21,0.0063230296419372846,0.009006136747728056,0.009116329991408895,0.012870727238436071
2017-07-24,0.006546324984878055,0.007781931724463903,0.007822603191530369,0.005752218941313091
2017-07-25,0.0004386355777334575,-0.0009069095720964183,-0.0010823531927402282,-0.003790896461796095
2017-07-26,0.00523633935291271,0.005349249486365862,0.005464871030867132,0.004624971962822423
2017-07-27,-0.0039431231045334745,8.074087935065662e-05,0.0001864867136150681,-0.0008287085118268073
2017-07-28,-0.0030516568657301913,-0.0014957280633425976,-0.00146198098388068,-0.003793216037178133
2017-07-31,0.008499473916548612,0.01097583947381402,0.01101320339468544,0.003610044458071156
2017-08-01,0.004096785400479888,0.004440470064977684,0.004673651179928821,0.0031071804897769835
2017-08-02,-0.0021063959030482404,-0.001142004588000585,-0.0009517695086417193,-0.0018528095825909923
2017-08-03,-0.0037520068443749996,-0.003665921142083453,-0.0035641971227397726,-0.004411030624113746
2017-08-04,0.006550439826298376,0.007259861004014087,0.007406367727132139,0.005129293092425478
2017-08-07,0.0013468688003642662,0.003326995211193834,0.0033962646148399155,-0.0026350878949522685
2017-08-08,-0.007896869466165008,-0.006590631254000288,-0.006601255845738001,-0.008737285550699745
2017-08-09,-0.007911653994796531,-0.007993473599824902,-0.008128792467938522,-0.0030115719441548934
2017-08-10,-0.00800588112758706,-0.006620168920107998,-0.006660687196589364,-0.007594609667298308
2017-08-11,-0.010634603345912529,-0.01094982217823372,-0.010980935993770766,-0.008379745515210545
2017-08-14,0.008496615450930235,0.010718194437883298,0.010975085735579143,0.00605310450004172
2017-08-16,0.00934588238048654,0.010386224151526121,0.010445092167054441,0.009452516759206732
2017-08-17,-0.0013586390388847592,-0.004401056272312915,-0.004377154707404958,-0.001347931844507026
2017-08-18,-0.002207737712052381,0.0008617919473885724,0.0009550427332315346,-0.0015333572644506382
2017-08-21,-0.007519874720805469,-0.00741769066148723,-0.0074892391802301225,-0.009488546895313258
2017-08-22,0.00035410274682027697,-0.0014454436211572825,-0.0014439765773775833,0.0016225199050777688
2017-08-23,0.009328007852722864,0.009081408594020639,0.0090207001598698,0.005625402166981165
2017-08-24,0.0009564441782387239,-0.0010147446180610552,-0.0011298781004687153,-0.0012551119040037
2017-08-28,0.005969198257916442,0.0035666141522197685,0.003655986292080577,0.007712280461494866
2017-08-29,-0.011705117808347308,-0.011190796672612472,-0.011219432079574683,-0.011752885886955038
2017-08-30,0.008862871852520198,0.008612041598870326,0.008679375290099541,0.00647231290205437
2017-08-31,0.004591333513285662,0.0067554310654576195,0.006897920415737006,0.007958269587642241
2017-09-01,0.0035129779702326217,0.001763621785501698,0.001677134900897459,0.006872058404662401
2017-09-04,-0.005279211066853003,-0.006104953773775797,-0.006229473495282452,-0.005650811837064886
2017-09-05,0.004341319849398574,0.003405053093116793,0.003333897534902838,0.005241723351621613
2017-09-06,-0.0023408196939463033,-0.0009355466695841705,-0.000969734908921374,-0.0016082960166437761
2017-09-07,0.0028598330084423267,0.003844619104362143,0.0038888880028734875,0.003798941960694099
2017-09-08,0.0008475483484797525,0.00206584578147483,0.001961519125487844,-7.456792158504547e-05
2017-09-11,0.008032398278767257,0.010669213619756547,0.010695275681970982,0.0078535952969491
2017-09-12,0.007937751178869851,0.006022324074212757,0.006016156367213216,0.006634372279543829
2017-09-13,0.000398423275674209,0.0022286184533286723,0.0023000800462147294,0.0025655293076102957
2017-09-14,0.0002069929514554045,-0.0013532364610505066,-0.0012786477065003447,-0.002848076766760533
2017-09-15,0.0007845176091050232,0.0009556922906463473,0.0009502808228697702,0.003910571862930971
2017-09-18,0.00542673478113778,0.00589367517938768,0.00595773304459945,0.007778796270600287
2017-09-19,-0.002069295530942945,-0.0017798924125159625,-0.0017745106516743134,-0.00013371757122311817
2017-09-20,-0.0009299844010997864,-0.00030720764112091367,-0.0004167243169991072,0.0004426605316356134
2017-09-21,-0.0020014385272962756,-0.00463709184885547,-0.004787877562495024,0.0025987256440984075
2017-09-22,-0.015588596684426043,-0.016117066611068275,-0.016075500146885795,-0.008259665955076972
2017-09-25,-0.009341741886289256,-0.009310248042727058,-0.009269775619893122,-0.006018062860269146
2017-09-26,-0.0011348914402636995,-0.0012294235981358957,-0.0012764594608267008,-0.002910809231642117
2017-09-27,-0.013719405909313982,-0.015063615005872418,-0.015122701778311267,-0.010633518794746544
2017-09-28,0.003173902490257066,0.003034422437580939,0.002949969985264118,0.005830046375839877
2017-09-29,0.0013108537159457916,0.0011469302744606046,0.0011817436532997293,-0.004386585521816487
2017-10-03,0.005482360970996417,0.006647333149413034,0.006751045356414056,0.004270663547414554
2017-10-04,0.003572907396903218,0.0027968840716131194,0.0027936295316664667,0.005567474328887009
2017-10-05,-0.0016313790601177446,-0.001438705936752711,-0.0014300349673883699,-0.0008799413003664749
2017-10-06,0.010497160557394572,0.010214126546907515,0.010266037300680297,0.009590290309777625
2017-10-09,0.0008286749287349607,0.00021978332821155327,0.00016827686581065006,-0.0027957586701928038
2017-10-10,0.0037488243696438698,0.003400880289961992,0.0033389363352825272,0.003427228768777539
2017-10-11,-0.0014821544177480196,-0.0005940764976357807,-0.0005257434301634079,0.0015127605241159717
2017-10-12,0.012689368136369053,0.01248065880374144,0.01241651797700284,0.013142732977989879
2017-10-13,0.008611740145101372,0.010935262291192606,0.011171459835664484,0.008307444279944228
2017-10-16,0.005579156128812763,0.005793640710249832,0.005901246847592524,0.006377124533387478
2017-10-17,0.001273929574487783,0.0007892732698769218,0.0007338747306351961,0.0013309549801756404
2017-10-18,-0.0006563838285750712,0.0037286678477579252,0.003689282687022471,0.009751182864546003
2017-10-19,-0.006108324456463789,-0.0056660110887304825,-0.0055571140845027435,-0.007252783672836448
2017-10-23,0.009022911584289691,0.012467133347571446,0.012581877454466192,0.00873117701643155
2017-10-24,0.0030715830738817698,0.0026404120062589343,0.0026247555924002585,0.003213566476356982
2017-10-25,0.011779238943503204,0.011660355172197368,0.011496482984807509,-0.006023743662656429
2017-10-26,0.0021953373127223848,0.001000779101294539,0.0009044269031289775,-0.00011278761924662147
2017-10-27,-0.0015544663782024316,-0.005989105447089145,-0.0063241601675406165,-0.004556542238566072
2017-10-30,0.004423500945744131,0.0033059032706412106,0.003002192110084448,0.002452096433780895
2017-10-31,0.000773939726196084,-0.0003768901833148555,-0.00019363006586483307,0.001842506002859848
2017-11-01,0.011429175135944577,0.009812192511238996,0.009726778157269845,0.0015981643350447038
2017-11-02,-5.43910628183415e-05,-0.00048663490960953684,-0.00036103586044023843,0.00025827654640658
2017-11-03,0.002668031380323742,0.002305914905560829,0.002101183496122995,0.0015799751965967358
2017-11-06,0.0019000618615366643,0.0004430323086240883,0.00022702798293393908,0.004324667436675681
2017-11-07,-0.009739115444600304,-0.007063812094663726,-0.007165689690506464,-0.0009068560807935017
2017-11-08,-0.0028735134715497613,-0.0029038825022996736,-0.002951568830380036,-1.0166746645266865e-05
2017-11-09,0.0025011284562292406,0.0026478922651443078,0.002678861491732618,0.0013156453144666169
2017-11-10,0.003869869466332709,0.0036602068185415514,0.003763739505135653,0.0013971758833624644
2017-11-13,-0.008069301607208507,-0.007390515714861809,-0.00752716750896899,-0.005848718608746423
2017-11-14,-0.0024648901029837617,-0.0018734588229469347,-0.0017792902465446547,-0.003688135538514748
2017-11-15,-0.007375015286567532,-0.007447659875499785,-0.007320469375751295,-0.006028723826156351
2017-11-16,0.00841757592975764,0.00918874261763747,0.009152575266783895,0.0059405906668027215
2017-11-17,0.006276133852625564,0.0074581897160424515,0.0074489925872610495,0.0007714959859208047
2017-11-20,0.0019353298429373954,0.0033118311922782557,0.003178512994666132,0.0035843588023397907
2017-11-21,0.0032440049970104677,0.0025148119343678015,0.0026487521147027186,0.002996142046687847
2017-11-22,0.00046072511165732444,-0.00031974353820464566,-0.0001715664104801396,-0.001561882368162851
2017-11-23,0.0006480814831377379,0.0012376782086855414,0.0012777349851625618,-4.739777527939723e-05
2017-11-24,0.003135155561531471,0.002812824273378878,0.0027365892302387723,0.0008221506652302307
2017-11-27,0.0016144197763188256,0.000883426610824787,0.0009552728970977892,0.003983911702196437
2017-11-28,-0.0031060996835195,-0.0018128210764220332,-0.0018406015298373286,-0.002366859243543337
2017-11-29,0.00039950875717734846,0.001815851854827876,0.0019910853567327064,0.001611211175171159
2017-11-30,-0.012311901778555946,-0.012547712875869817,-0.012648646490308604,-0.008707099469874876
2017-12-01,-0.009846559090262783,-0.010190229777626146,-0.010217533660459093,-0.008707228713622953
2017-12-04,-0.0020547193171205178,-0.0028144080891303208,-0.002605785256225154,-0.0005363295746713772
2017-12-05,-0.0010056785510173167,-0.0005120445183252257,-0.0005807504499111728,-0.005413905162980637
2017-12-06,-0.005619943860364388,-0.005295386471186026,-0.00520759253049899,-0.0015444201471971081
2017-12-07,0.012855614373355292,0.014395497406398186,0.014444671282599252,0.011896516084074719
2017-12-08,0.009012880770661045,0.009527196853841319,0.009557358179695075,0.006809335031494774
2017-12-11,0.005444055292782374,0.004317802788569627,0.004346270978066806,0.004519294570325098
2017-12-12,-0.007572845529184341,-0.008585956030838497,-0.008691674605025975,-0.006760707291836278
2017-12-13,-0.0037012359211427235,-0.003820255124885663,-0.003976054653657472,-0.0022659796660114877
2017-12-14,0.004144532290001814,0.00454846505057337,0.0044447856758502565,0.004071055997948037
2017-12-15,0.006149328756956379,0.006057701298558678,0.00584346026554451,0.0029076992208872934
2017-12-18,0.007211355237746307,0.00748437149800694,0.007647290087090709,0.0059676118833431185
2017-12-19,0.008155654212082133,0.009446585423282658,0.009487010806151686,0.00615739798400319
2017-12-20,-0.0018304222121776261,-0.002837705389624956,-0.002701420662625262,-0.001387907457959504
2017-12-21,-0.0011098355229480683,-0.0010951824236593985,-0.0010330889282159598,0.0006811373850011906
2017-12-22,0.006152130744799411,0.006484032960544708,0.00655336060380356,0.004840646289529113
2017-12-26,0.0030454895824072216,0.004404557274973206,0.004454079028298155,0.002448112798251279
2017-12-27,-0.004293642335260581,-0.0060648931840558955,-0.005984858420682683,-0.00362096337431182
2017-12-28,-0.0012589107213823816,-0.0004577495714851933,-0.0005200522778884219,-0.002065957573484085
2017-12-29,0.005951590234913519,0.006087131577424543,0.00621762211675338,0.009470806515653154
2018-01-02,-0.010787378091716551,-0.012599399169278894,-0.012542257401890333,-0.005378341860589353
2018-01-03,-0.0001394096204205066,0.00048286148431494764,0.0005604712615745648,-0.002466312043011015
2018-01-04,0.007836664307967952,0.00919536961824033,0.009420209039298078,0.00406240387929439
2018-01-05,0.006692589648917296,0.009473394238402507,0.009385517705142421,0.0049638502656418025
2018-01-08,0.003537061706347924,0.003281151159405776,0.003378428039524484,0.004007346727513447
2018-01-09,0.0006144351410261866,0.0020566061063119747,0.0021221073379551567,0.0010814620807830528
2018-01-10,0.0015039673085253374,0.0012161551610945964,0.001405740070846598,0.0053428078744828635
2018-01-11,0.0008457999883995687,-0.0001608503732415731,-0.00021886727165641587,0.0002701244946197877
2018-01-12,0.0006140396313566048,-0.00042909392950519646,-0.00046298732988141124,-0.0007233005439358053
2018-01-15,0.0004906210507333426,0.0028297492367490126,0.00266310935472991,0.001107520955923597
2018-01-16,-0.0018434786071120715,-0.005485104492105207,-0.005385826280896469,0.0027766769230476085
2018-01-17,0.006971016799289511,0.0064010674550010315,0.006502631187178107,0.0024169655028293447
2018-01-18,-0.0005844330677314417,-0.002678382678130398,-0.002872309233254825,0.0006100929921856167
2018-01-19,0.00742262220717839,0.00910613005921136,0.009259115359830076,0.006169794190543258
2018-01-22,0.009881302810258827,0.01094110482336271,0.010936152740976016,0.007684685117081425
2018-01-23,0.00946466202700499,0.006434593721399097,0.006761944857809734,0.005270465038063925
2018-01-24,-0.001773871065444439,-0.0041047632472403185,-0.004091288603163936,0.0005361506650482034
2018-01-25,-0.0035598753989778435,-0.003304796781345698,-0.003247306225589219,-0.0038389974098469734
2018-01-29,0.004642782285048865,0.006687932373234497,0.006568821071972854,0.006121861539927334
2018-01-30,-0.0072006725249852315,-0.00829911621481005,-0.008319828832818859,-0.008215549847477596
2018-01-31,-0.0034131221938094396,-0.003501718045150759,-0.003847827138711258,-0.0020881517545709733
2018-02-01,-0.0022607193515553252,-0.0020663465991262397,-0.002474655341669071,-0.002905193839083742
2018-02-02,-0.021998157133144708,-0.025467248693391797,-0.025549274196103335,-0.018093769508943765
2018-02-05,-0.006521080469699691,-0.006955202576736077,-0.006926313517795744,-0.0044402465250028235
2018-02-06,-0.014710372794172196,-0.012183881412593118,-0.012166149954850583,-0.016682035529768848
2018-02-07,-0.0023622988781183195,-0.00543998579033102,-0.005673485598684136,-0.003670276912811487
2018-02-08,0.01086423632121512,0.01083464638108379,0.011157964253310603,0.008321568208064876
2018-02-09,-0.008662975426181106,-0.008737146327717382,-0.008805601285289195,-0.005319210328960684
2018-02-12,0.008354679949979278,0.012486069170026716,0.012662262389827365,0.012811144514086988
2018-02-14,-0.0032372781090091152,0.001103506004323652,0.0012293957393906037,0.0009507248000642178
2018-02-15,0.003150136627456547,0.0011967665474144201,0.0010575980890011535,0.004566561164970265
2018-02-16,-0.008233747942524131,-0.00902932925795359,-0.009035203158150316,-0.003911498738269953
2018-02-19,-0.0080259947327879,-0.00818509098985065,-0.008363628606259539,-0.008142343792741341
2018-02-20,-0.0004347352662261825,0.00048059811228897895,0.00047925363019916283,0.00029404639957497284
2018-02-21,0.0034264361623512446,0.0022171714079214076,0.0023120077832423356,0.004388614818793526
2018-02-22,-0.0014644503947761813,-0.002341161895840539,-0.0022182033343693536,-0.00246303075343059
2018-02-23,0.011520551691332502,0.012077519703878752,0.012420970829727278,0.009977517539577464
2018-02-26,0.0076406615165990465,0.010358730699873874,0.010269391954810421,0.006503659284761886
2018-02-27,-0.0017636747677411716,-0.0006921612757874355,-0.0008535417805990719,0.003589370045669822
2018-02-28,-0.005268295511040724,-0.005451209791709157,-0.005276446527882658,-0.002529540402792486
2018-03-01,-0.002548645633156882,-0.0031325773969481507,-0.003192659949305608,-0.0015044327010982918
2018-03-05,-0.007063973865894592,-0.008065888694445,-0.00811058079985685,-0.006285730746318089
2018-03-06,-0.011127165083814148,-0.011643201378302336,-0.011754026707401518,-0.010701979673440071
2018-03-07,-0.009947926833140488,-0.009714670008063432,-0.009505622565544858,-0.0023190957093119267
2018-03-08,0.007026170330889657,0.00822708556062785,0.00842062831904107,0.005950965757185372
2018-03-09,-0.0018193630763438638,-0.002702531146221577,-0.002568704349767619,-0.002224207589146818
2018-03-12,0.016878138436174892,0.016516949844971585,0.016411906435394683,0.015239115229986288
2018-03-13,-0.0015197516596966994,-0.0024439998934742946,-0.00232999722857549,-0.0030018654394835496
2018-03-14,0.0001462520518510756,0.0018479198479123577,0.0019780927224889487,-0.0011031321176592863
2018-03-15,-0.0038539691840656885,-0.00439871193552375,-0.004388679177839317,-0.00031947214559396
2018-03-16,-0.013689258213548501,-0.011899905631678493,-0.011641226330573597,-0.009440425473920119
2018-03-19,-0.008826765373811475,-0.00811519282536019,-0.008367574574914168,-0.007141045650483918
2018-03-20,0.0031618956878761723,0.003269406520938901,0.003395000690631402,0.003189123260868081
2018-03-21,0.005108667962782069,0.005085480022896714,0.005148466575343944,0.004123015641068713
2018-03-22,-0.003956049984409459,-0.0035753977635272207,-0.0036411813873670827,-0.004186470728774108
2018-03-23,-0.0099106965611933,-0.01102568554119533,-0.010728198658005079,-0.0051570429408774555
2018-03-26,0.013299830948612057,0.016554716206486325,0.016698553910913714,0.007688980092343544
2018-03-27,0.00653071961362163,0.006145724892763555,0.0060799456843981395,0.007507687094409445
2018-03-28,-0.007684667551666717,-0.007239472533164867,-0.007325999577103526,-0.001722509513987542
2018-04-02,0.01141997139887303,0.013112034515356533,0.012931961561674922,0.015120801393040248
2018-04-03,0.0023942182630071604,0.0027081434560274086,0.0026793021307962876,0.0008712956942805853
2018-04-04,-0.01055343272228921,-0.010955040926088438,-0.010917972753645176,-0.009809565795699518
2018-04-05,0.018806677709036598,0.020715293828928644,0.0207406030606161,0.014095991286809103
2018-04-06,0.00044988250848324463,0.0017713212292000768,0.0017846131189515353,0.00048306238913519545
2018-04-09,0.005053961269021998,0.00370015088073479,0.003559492817198538,0.0027865113163358956
2018-04-10,0.0036702842282889682,0.004804295893763161,0.004787661471941222,0.001335429352516516
2018-04-11,0.003803250059795056,0.004722937338636104,0.004811040232462886,0.005525783852251699
2018-04-12,0.003947653896489435,0.00444249940418443,0.004753376751304411,0.008677375686144233
2018-04-13,0.0016876778521198342,0.0031419446423153704,0.0031531782153076046,0.004850714802759438
2018-04-16,0.005470106119908099,0.005319835356319615,0.005338029517670081,0.007610892687506657
2018-04-17,0.002072353231991384,0.0020143178492006146,0.002057854735808015,0.0055991005944554095
2018-04-18,-0.00233448994578659,-0.002743333569829697,-0.002863069420456736,-0.0014645592465452834
2018-04-19,0.005020852068265159,0.006245594026368755,0.006150853638856103,0.004986872623625348
2018-04-20,0.0037368677140275294,0.003983888914427597,0.0044627837665323,0.00821520971979381
2018-04-23,0.0019979295761031334,-0.0006470440553089397,-0.0007794982748138237,0.00021622248983500217
2018-04-24,0.0020008926607654144,0.0035565135024705975,0.003344041830128821,-0.003177325415505766
2018-04-25,-0.0016413649878271356,-0.0018559053339864625,-0.0017490990645490133,0.000797895573983482
2018-04-26,0.004392309202854393,0.00587986687658578,0.005967536949171281,0.007060590428801104
2018-04-27,0.0046169078771804055,0.004210132114703321,0.004063167845332734,-0.0023044925537872834
2018-04-30,0.004579447507741112,0.0033401370225603043,0.0032791492035920524,0.009696551336237192
2018-05-02,-0.004336332524331772,-0.00670596768024691,-0.006906326715758701,-0.010901982335565254
2018-05-03,-0.004763105913547411,-0.004667521630567653,-0.004416174963395251,-0.00858124226712317
2018-05-04,-0.004336718764118507,-0.00157374640881832,-0.0015883735162297498,-0.0012008386985151718
2018-05-07,0.008510839977919639,0.008940649183037355,0.008857410544313432,0.007363279884870501
2018-05-08,0.001270504522263552,0.0007193613096387918,0.00106725927333056,-0.0013251755665165898
2018-05-09,0.0020078833624051955,0.002370646154753611,0.002283305514679262,-0.00029461120534791366
2018-05-10,-0.0008279199303594228,-0.0006022293373877955,-0.0007209478928803798,-0.0017012539901295606
2018-05-11,0.006296077661710336,0.006881743488876071,0.0069454159009557405,0.011427900001989403
2018-05-14,0.00038869783513964025,-0.0011140631949236076,-0.0010553290636688122,0.0013380799076973472
2018-05-15,0.0014546509779831537,0.002466492441424239,0.0023210386468229963,0.0015282475465213485
2018-05-16,-0.004270437830614039,-0.0017351540542464767,-0.0018342944582739713,0.0030619941027730186
2018-05-17,-0.0026585187219188744,-0.0016658663298904568,-0.0015853116517201302,-0.0008555754610070959
2018-05-18,-0.0062764512620023406,-0.004918594441218794,-0.0049271424855286605,-0.004545190998003422
2018-05-21,-0.005741769692157613,-0.008523224201315476,-0.008483027339602085,-0.008232993633370113
2018-05-22,0.0021000318955468524,0.0017352265309606319,0.001866330726147096,0.004081685864873018
2018-05-23,-0.009010674051736828,-0.008020949315107426,-0.007856235807877861,-0.0033624449575864737
2018-05-24,0.009730520231057025,0.008852608332467454,0.00894038237754746,0.005928123227400593
2018-05-25,0.009240308621092565,0.008614837071220733,0.008368223565765213,0.00675923754529559
2018-05-28,0.00489776458882531,0.0026536258525906927,0.002695954202915056,0.0008558298386748986
2018-05-29,-0.00433447068322903,-0.0050029838886800565,-0.005221729274040773,-0.004843274095160644
2018-05-30,-0.0002102173312584683,-0.0006237829420117321,-0.0006362719692656929,0.0019312248072404735
2018-05-31,0.01239416916450987,0.01382684429577806,0.01385505868890581,0.01704090979727251
2018-06-01,-0.004753569589945231,-0.0030198282571100208,-0.002997360195252163,-0.0069389529378007355
2018-06-04,-0.007541811846159786,-0.006620259495151609,-0.006713634875313391,-0.006640874432263524
2018-06-05,-0.003769965576217583,-0.0026949352669162676,-0.002538573332825556,-0.005621868380174646
2018-06-06,0.009694513615080102,0.009345165347267015,0.009214734573731514,0.009154579342015825
2018-06-07,0.007933727729762464,0.007907339544801193,0.007916576853559993,0.008742902447076614
2018-06-08,0.0013879888213437187,0.0008984738862753204,0.0007403539690200362,-0.0009632022385324345
2018-06-11,0.003047907504970227,0.00206153719184161,0.002005283737393896,-0.0008628516075088011
2018-06-12,0.005943444340882691,0.007186992662678113,0.007267096444232569,0.0045901403412118395
2018-06-13,0.002378388475111145,0.0018189162317422097,0.001896857191217993,0.004492670217309739
2018-06-14,-0.0034223161632082064,-0.0022684580659120264,-0.0023197850535451687,-0.0009276898064337685
2018-06-15,0.002247901818386563,0.00481261719428337,0.004860780767238889,0.005105983100472471
2018-06-18,-0.0039190917847863075,-0.00417368146676089,-0.0038798314862651057,-0.003721208927776465
2018-06-19,-0.007766301507843321,-0.008245535303056297,-0.008292727379831081,-0.009709042310938533
2018-06-20,0.005895145412587639,0.007098285906768198,0.007006291875465466,0.004201370982186192
2018-06-21,-0.0037545708230366705,-0.0033177886777087944,-0.003260545850418435,-0.005597641723643877
2018-06-22,0.00604853479200227,0.0035694270251710254,0.003632145997565479,0.0037832727144586414
2018-06-25,-0.0036660449616586653,-0.0027516962959996875,-0.002895833444031957,-0.003438704959181925
2018-06-26,0.0015019618678821648,0.0008848819907634729,0.0007355965403540156,0.0016396143817001285
2018-06-27,-0.006580510133479576,-0.00491728128997682,-0.004856341436065849,-0.0023976923589675756
2018-06-28,-0.006522976691478933,-0.007994007741369779,-0.008135448514769505,-0.007038645990576147
2018-06-29,0.010335496680296364,0.012900524146849758,0.012861108906927706,0.011208199278216478
2018-07-02,-0.006659559119840324,-0.006951543557889233,-0.007132003656313211,-0.006305583833391225
2018-07-03,0.0055934323279147255,0.004936999772919221,0.004895375827933634,0.004139050440551645
2018-07-04,0.006063441194027295,0.007390343523298918,0.007477524049707657,0.003660794470466306
2018-07-05,-0.0007381990801521988,-0.0025970278750217877,-0.0026118174081794414,0.00274283834690128
2018-07-06,0.002341609198602506,0.0017675390909224463,0.0017682015503254116,-9.773449110994683e-05
2018-07-09,0.006933652708579651,0.0074147117169950415,0.007517855143098961,0.00791911538567455
2018-07-10,0.008219859357843574,0.0077665868751149204,0.007975911769969814,0.0071855131125031476
2018-07-11,0.003342854104422168,0.003758537112813033,0.0036249538641657548,0.0014267136234438547
2018-07-12,0.007953705653828578,0.007410783552856165,0.007588622379333298,0.002676680934217496
2018-07-13,0.0007872251059003971,0.0027359137322851505,0.002824473902158178,0.0007211695523991845
2018-07-16,-0.008681352017274449,-0.005441400542198153,-0.005467949238093954,0.0007755746342699885
2018-07-17,0.005604480407762227,0.0029299424241489877,0.002880091553155777,0.002944392189255802
2018-07-18,-0.004086487726656327,-0.00522247961143955,-0.005249191880143406,-0.005109650463766423
2018-07-19,-0.0005287178852868686,0.00027461165011787367,0.0004933990731777417,-0.000246105797025629
2018-07-20,0.008321655195154053,0.008402475894242815,0.00864486976054755,0.0032040118699124096
2018-07-23,0.007696594619553888,0.005479637607191374,0.005349838611631377,0.002748864566452905
2018-07-24,0.002467921403336359,0.0031057025746039635,0.0033925752340927774,0.0018447464642982457
2018-07-25,-0.0022309581183677036,-0.003095538826120581,-0.0033158191259134683,-0.006803162878303058
2018-07-26,0.003926208351377185,0.0016533943318610678,0.0013894856803717155,0.006248514863167916
2018-07-27,0.006484264774484308,0.005945100527339563,0.005981671518096215,0.0016405528720059132
2018-07-30,0.005914540334045654,0.006320698720451743,0.006387729451118362,0.0034805016441746893
2018-07-31,0.007654489996791802,0.009899943474954135,0.009834394293738858,0.011391474292494397
2018-08-01,0.0010113851529683065,0.0001575802453225226,-4.5677025660380115e-05,0.00470453324831114
2018-08-02,-0.008271271083189424,-0.0075652948613036276,-0.007733044411415828,-0.0029438123740323173
2018-08-03,0.007154899267682469,0.0067405140734219104,0.007140934850194333,0.002515442142147923
2018-08-06,0.0029884483235420264,0.000717545936165455,0.0008729190881849231,-0.0012273480212033187
2018-08-07,-0.0003330660869396968,0.00012262887967725094,0.00016968307561902906,-0.0021846466997164707
2018-08-08,0.007220585848926987,0.005830437521771281,0.0056221649028322775,0.003920441078937447
2018-08-09,0.001129146141814907,0.00020062165097819168,0.00038697946116071104,0.0024809077461615293
2018-08-10,-0.0032689853567607653,-0.002238545680215468,-0.0023671922708909487,-0.0011241823740188285
2018-08-13,-0.005357859006350853,-0.002267846218610667,-0.0022990427192195128,0.0020849267519824663
2018-08-14,0.008541482510304175,0.007278491885480255,0.0073249679792875095,0.0035316552162813824
2018-08-16,-0.0026852512397385502,-0.00431896082417597,-0.00429240844962919,-0.0008826548513588602
2018-08-17,0.007206393237941577,0.008397675224841042,0.008484919717842269,0.005660069079899066
2018-08-20,0.006163713433005545,0.007175059675065631,0.007369411013067567,0.003711621369117051
2018-08-21,0.0027344441089486677,0.0026158480903450587,0.002718922367164262,0.00462717389169218
2018-08-23,0.004110302082150986,0.006525089022708495,0.006542775751278838,0.007748639522457947
2018-08-24,-0.0012407217467439826,-0.0007834784939308689,-0.0006643022604540571,-0.0035062318154308893
2018-08-27,0.010822602649817424,0.010613828370415,0.01075169169637766,0.011652159602171037
2018-08-28,0.004592310597914509,0.005787710080802198,0.005941140301151084,0.002411294492972004
2018-08-29,-0.0033723524741977786,-0.0019708420394995273,-0.0018337172170754148,-0.008325143865824178
2018-08-30,-0.000992276487593657,-0.0016427820005718637,-0.0015707357809893476,0.0021235841038312812
2018-08-31,1.4527172653552322e-05,0.002124891955840126,0.0019460728993689403,0.008886685280178918
2018-09-03,-0.010944707970641947,-0.014094346353769037,-0.014311541944790592,-0.012069830713382771
2018-09-04,-0.006559512060414015,-0.006736929517450737,-0.006424514962176818,-0.008418590678945355
2018-09-05,-0.005229151243784691,-0.0078016120935477575,-0.007602167912905607,-0.006171127780315319
2018-09-06,0.005208259225762977,0.004408950442340055,0.004131453459142726,0.00472139542991134
2018-09-07,0.00625980519679493,0.007065847473056102,0.007461471113351717,0.006314293677689937
2018-09-10,-0.012846351782974842,-0.014081940464625443,-0.014022337329592132,-0.012111967699296112
2018-09-11,-0.013485076899079226,-0.013617589874894146,-0.013522094874004884,-0.011687340604206424
2018-09-12,0.007753581040822216,0.007460304638501033,0.007268354447935775,0.008279596415636591
2018-09-14,0.01153975623000127,0.010309452028036027,0.010203820066691884,0.009735035130956221
2018-09-17,-0.010659514714430805,-0.01205107202138554,-0.012158761875542162,-0.009320966556156348
2018-09-18,-0.006212853565137529,-0.004003209813149711,-0.003965284729683357,-0.00255143866127548
2018-09-19,-0.003860151737095559,-0.005746718177261871,-0.005727807928776121,-0.0037425152176455653
2018-09-21,-0.005351295614226069,-0.006532283808906168,-0.0061296928001404825,-0.004979573669279159
2018-09-24,-0.010661188482695328,-0.009798332160622404,-0.009740760628197698,-0.009056672531384731
2018-09-25,0.009419100487297242,0.010572703818580848,0.010494496598943484,0.005761820487297626
2018-09-26,-0.0030518424517948376,-0.002611142911645698,-0.0025308748350265824,-0.007718363883593314
2018-09-27,-0.004270702976908525,-0.0030766673585094118,-0.0030734951075924995,0.001168103962716909
2018-09-28,-0.00429197103319222,-0.002033719229533002,-0.002286843789234706,-0.0013694820950532515
2018-10-01,0.004718248808351957,0.0047633769114144514,0.0050889969496446166,0.009242330824635606
2018-10-03,-0.0169881027711218,-0.019709018422812783,-0.019622954896682133,-0.0179650337529702
2018-10-04,-0.026401186703384268,-0.025577334905695345,-0.02530156561980348,-0.02299039655173386
2018-10-05,-0.023770621961930315,-0.023464717223365517,-0.023769636032651743,-0.013520809888855857
2018-10-08,0.004983960953126134,0.006075516528486816,0.005704168998017495,0.0011703432494350105
2018-10-09,-0.006075910087358534,-0.0065265336864552,-0.0065783570308594625,-0.0029810737553605565
2018-10-10,0.015644502288014422,0.016228333417520738,0.015979765588920142,0.004030988612155351
2018-10-11,-0.022246343416127287,-0.022444678100513774,-0.022307698096709332,-0.019677207376039195
2018-10-12,0.02170897700851716,0.025466730048450934,0.025568137844962358,0.022858839781308635
2018-10-15,0.0029449081726931536,0.001284429088783479,0.001517973213012766,0.0027449763313657435
2018-10-16,0.007645415344448991,0.00864455204345474,0.008586106560812306,0.004777418829264064
2018-10-17,-0.012599766532696474,-0.013604923613090217,-0.013628334297566875,-0.004532931528871048
2018-10-19,-0.010479905288052135,-0.01281304108402147,-0.013022831999939926,-0.012506236814511788
2018-10-22,-0.006861945137422234,-0.006649026404574276,-0.006082186924296733,-0.005158184962091983
2018-10-23,-0.013498335083760875,-0.014218600322878762,-0.014518709950766028,-0.01494220765137964
2018-10-24,0.009281521230352016,0.008733343109019317,0.008599219195577252,0.0037883276552969913
2018-10-25,-0.007168952021163846,-0.004733920400059797,-0.00457756247931526,0.0007624261305947502
2018-10-26,-0.009390304611805317,-0.008032234041964115,-0.007943022796548713,-0.010129030058728793
2018-10-29,0.02215860804226584,0.022717350295550297,0.02338482339578005,0.014503179986113534
2018-10-30,-0.004015823392530871,-0.0036519359273723853,-0.003719837595487873,-0.00495231830279699
2018-10-31,0.013778719263627648,0.01579196291955716,0.01573476451168909,0.014578067538876787
2018-11-01,-0.0005609158327487763,-0.0013773700415329144,-0.0011719399392374958,-0.006101144713507168
2018-11-02,0.013808699796806363,0.014537746331412991,0.014440395215767409,0.007183228836361487
2018-11-05,0.0004784840054752967,0.0018416317577171304,0.0023644806926541788,-0.003238034860487557
2018-11-06,-0.00031724965333720077,0.0006107487916128299,0.0005901489103088173,0.002052153691536788
2018-11-07,0.005906761692675877,0.00636235661351063,0.0063638765767589835,0.006060560614477084
2018-11-09,-0.0014947374508648228,-0.0025903156271315556,-0.002933669765100807,-0.0016608808252757238
2018-11-12,-0.00910733046686387,-0.008264816905694144,-0.008353180923163436,-0.00898204637616533
2018-11-13,0.009042096022616256,0.009697087730416035,0.009903711264505836,0.007204022917613864
2018-11-14,-5.9769685790834334e-05,-0.0030845119831716013,-0.003603703928626155,0.0008171556297016574
2018-11-15,0.004255980576623975,0.003726634470959241,0.004010719117482159,-0.0003365294700434438
2018-11-16,0.009257209467636798,0.00578801969574397,0.0061666702434291865,0.005473929052490653
2018-11-19,0.0068425398864249845,0.008245061936797275,0.008562612035653672,0.0068407111979253655
2018-11-20,-0.009536568699924123,-0.009250816943509129,-0.009358221153424485,-0.011014514856134963
2018-11-21,-0.00453934085835334,-0.0068866989989842566,-0.006590219652446644,-0.011395009170629963
2018-11-22,-0.008280621709602193,-0.008018960089719456,-0.008087963194912406,-0.008157240133502242
2018-11-26,0.011820225608952628,0.011343503041712678,0.010997763358079555,0.013299335879136885
2018-11-27,0.005659953450336703,0.007669485768545856,0.007919065964826928,0.005915674950149543
2018-11-28,0.004391189769452469,0.009694404442868561,0.00962553904817145,0.009527469963394763
2018-11-29,0.010612353350907345,0.0094191466960722,0.009431715342930188,0.00523358760173473
2018-11-30,0.0009633228785769673,0.001809964216637431,0.0021428399875102174,0.00254732293015483
2018-12-03,0.0019865006201758217,1.7016077427959241e-06,-0.0004983631827324889,0.008091869780948177
2018-12-04,-0.0009128365365951375,0.0002940554565728804,7.988814277238264e-05,0.0045706841019831634
2018-12-05,-0.008020248698450598,-0.007608089922117528,-0.00762724791145759,-0.007719421451249303
2018-12-06,-0.017863646206054736,-0.015617932694165728,-0.015429903998897019,-0.012761424175495742
2018-12-07,0.009029248639341287,0.008823502488455513,0.008404597901466833,0.003850726707814174
2018-12-10,-0.018971704478493265,-0.018988228712430326,-0.018770818479618378,-0.013109532122556623
2018-12-11,0.006811613493566715,0.007600922564500442,0.007400676309350125,0.0074442737267339
2018-12-12,0.017626543859386317,0.01616327616301585,0.016180245357495057,0.012482011865885809
2018-12-13,0.004424186949189106,0.00260577006534462,0.002317293783984162,0.005417511269565616
2018-12-14,0.002930917610529863,0.0014249101094890848,0.0015072727423258738,0.004510647568275575
2018-12-17,0.005439077160007633,0.006184904133289805,0.006372024103260076,0.011018862645331301
2018-12-18,0.0036238437590367504,0.003115948669350268,0.0031931649207762717,0.0005270820783463389
2018-12-19,0.004917198076559228,0.005017328788260448,0.0049879367958464635,0.0036428173646380476
2018-12-20,-0.0033763446335064924,-0.0019846172899030587,-0.0017552069679313467,-0.001982616965186576
2018-12-21,-0.017907388862223463,-0.017221159897612536,-0.017230767194119433,-0.013459220457976363
2018-12-24,-0.006623834001223835,-0.008245345567133607,-0.008529202209594161,-0.008286510209289681
2018-12-26,0.005212263388343328,0.0033806788410022477,0.0034579679780428634,0.0008903082816355832
2018-12-27,0.0042511998500981115,0.006816414576896943,0.006885792622773189,0.007548705620995566
2018-12-28,0.006612798165622413,0.00638474220920311,0.006403889577567718,0.004880564758369699
2018-12-31,9.007887471309254e-05,0.0008419780688628779,0.0008140848017841913,-0.0001010244174754989
2019-01-02,-0.007508011014247056,-0.004475803543161314,-0.0042561230035486185,-0.003715476442996932
2019-01-03,-0.0093374863606711,-0.008887795792262475,-0.009054974591046639,-0.007502819879054557
2019-01-04,0.00272259317517415,0.00048754059855041264,0.0005304974826730701,0.0009778897042578797
2019-01-07,0.004915535262625108,0.005412657917091171,0.005431122888044936,0.004980034672143993
2019-01-08,0.002712463929544987,0.001675830358479962,0.001583265342370562,-0.0020259636896228007
2019-01-09,0.004181634517812127,0.005075409869163144,0.00497643344599999,0.005757712077912538
2019-01-10,-0.0024240636901903968,-0.0019827054141504366,-0.0019368234896979424,-0.0015555891963388768
2019-01-11,-0.004561710286971472,-0.0048768415169217205,-0.004743037584841399,-0.0028514363116075143
2019-01-14,-0.005592206613641309,-0.004758519232503851,-0.004759010063582566,-0.009036045965837469
2019-01-15,0.014506999154353313,0.015724861859084827,0.015882168556400275,0.015328481478948998
2019-01-16,-1.7962061046247757e-06,-0.0010563289182490612,-0.0010113436470955725,0.0014404192918357418
2019-01-17,0.00021060955278719008,0.0013687086610216625,0.0012879472162835588,0.002523965792367644
2019-01-18,0.0006065995750663587,0.0020698408842638816,0.0018924146171136102,-0.0009531652104685716
2019-01-21,0.006088616430882104,0.009238187741141605,0.009202197099154328,-3.241085493128752e-05
2019-01-22,-0.00239778000313931,-0.002193410832609556,-0.0022519783425150363,-0.0004352152011139643
2019-01-23,-0.006792540516737718,-0.006869139893055381,-0.007012999727773492,-0.009697346112402671
2019-01-24,0.0017362734311629564,0.00370536194319458,0.003720875561648129,0.0018160850127006563
2019-01-25,-0.006067844382783566,-0.006147376642390212,-0.006346429814994123,-0.00244045865469997
2019-01-28,-0.010696791399544573,-0.00920243870514359,-0.009342375006435324,0.00023493212735373745
2019-01-29,0.0018249726206137219,0.0014008563450642534,0.0014092489595943039,0.0007848044352775714
2019-01-30,0.0012716539933915884,0.0011543111154553945,0.0012014691863702915,0.0010081763869914297
2019-01-31,0.016188034274124706,0.017315534876442863,0.01716617746541598,0.01617532369836329
2019-02-01,0.0081604151349582,0.008392131287398769,0.008351365487777825,0.007991018105313262
2019-02-04,0.0034655161200800497,0.0032340466133228703,0.0031901704747248896,-0.004547700229603345
2019-02-05,0.002362801410145207,0.0007495261806843939,0.00046130661292812284,-0.0002889574868762167
2019-02-06,0.011586007971763368,0.014014130243767381,0.014209896001296095,0.008481562385996183
2019-02-07,0.0012933396511763664,-0.0009533240996081315,-0.0010061969549849355,0.001857156017715479
2019-02-08,-0.009829387920624672,-0.010008001232500412,-0.009984735105834454,-0.014144348379746109
2019-02-11,-0.006445534710141568,-0.006959132120797251,-0.0068322321740897085,-0.0025916492639083714
2019-02-12,-0.0034356485628492367,-0.004221464425734924,-0.004261231326809982,-0.0006899592093866094
2019-02-14,-0.011539954222015085,-0.01018601701408686,-0.010037790134896614,-0.013426587669031684
2019-02-15,-0.00225160397503473,-0.0023578873345331884,-0.002435918221802272,0.0031072621938894717
2019-02-18,-0.009994081978441784,-0.011044686163034738,-0.010993069197879474,-0.007985572795883335
2019-02-19,-0.0042139726615055785,-0.003566360231281295,-0.0034442538915329234,-0.010477079317004364
2019-02-20,0.011963272827624044,0.010557786639846104,0.010702255436023713,0.010272086647081194
2019-02-21,0.005163564577446694,0.00624899501703738,0.006435297226141571,0.003026841811616461
2019-02-22,0.0003085343447749051,-0.001062097970538626,-0.0010758664783047434,0.002676072424245836
2019-02-25,0.008506680559349522,0.010514767882551186,0.010606389257634014,0.010489507906931417
2019-02-26,-0.0013855211357815902,-0.00025787100757945417,-0.00024366621545992423,0.0026949929049035785
2019-02-27,-0.001406771542395511,-0.0013517401898621038,-0.0012288153757140053,-0.004693416183777959
2019-02-28,-0.003520820477721423,-0.0028882790006829746,-0.00280144010457303,-0.0005551662042736363
2019-03-01,0.00419195406449671,0.0030168378666690547,0.002901284893892136,0.0055452782045205835
2019-03-05,0.010650642868377311,0.007121506424562735,0.007134562692796265,0.006278529426961216
2019-03-06,0.004948940035171843,0.0056561285415223025,0.0057911501929166645,0.0031411827546778837
2019-03-07,0.0006232617688461207,0.0028944747718940627,0.003068137180716564,-0.001753419138498552
2019-03-08,-0.0015367517033171754,-0.001417262365093396,-0.0013230547518532846,-0.0030672986301616286
2019-03-11,0.013493204191108901,0.011796334723889508,0.011859309177734433,0.010797934547240852
2019-03-12,0.011829118295267109,0.011129393479624102,0.011071175515066738,0.009343021837359636
2019-03-13,0.0031728390919108164,0.006574461452384301,0.006575684369859437,0.0017831816166045495
2019-03-14,-8.563962902517931e-05,-0.0008449363370589942,-0.0009304262793892245,0.002161720359998371
2019-03-15,0.005717942143402669,0.005252862037936358,0.005194403595925382,0.008872424762249151
2019-03-18,0.0028422544494037146,0.005753526539533277,0.005946221150901001,0.002967360727744427
2019-03-19,0.006602543891301531,0.007119695576640251,0.007091429987275784,0.006241659648485676
2019-03-20,-0.0031574353106710367,-0.0013046790586887483,-0.0013211038038563139,-0.001213338124744657
2019-03-22,-0.005783931726237308,-0.005527031554542414,-0.005450022547826424,0.0002021159890539226
2019-03-25,-0.007036237004380724,-0.007080292526662339,-0.0070305958602471545,-4.114033869830091e-05
2019-03-26,0.01308517262533953,0.013599647857554634,0.013628244793123993,0.006432325778439425
2019-03-27,-0.0037025106277915115,-0.0036367522682277734,-0.0037501653672030446,-0.00423622711322674
2019-03-28,0.010022865402599057,0.009983389941387047,0.010047784041073477,0.004811962815318519
2019-04-01,0.009382953781476527,0.008963565318267995,0.008816926501905157,0.004481934339410377
2019-04-02,0.003603873082401456,0.002603225843162315,0.002512740872464437,0.0020437534603816275
2019-04-03,-0.005707139433170791,-0.005323948077150006,-0.005422270069623643,-0.0037021914460396185
2019-04-04,-0.006110438427845778,-0.006254475047660234,-0.006139340932921787,-0.005025576585356065
2019-04-05,0.005781198748031318,0.005755785120126158,0.005748296394023873,0.0033774251198860294
2019-04-08,-0.00462252131926983,-0.005503745982058493,-0.005696908611502802,-9.689340193752137e-05
2019-04-09,0.00496700699259371,0.004313822871574543,0.004191897404081662,0.006448262493703061
2019-04-10,-0.007374119792825704,-0.006587419932433936,-0.006733220363783444,-0.003790989716702203
2019-04-11,0.002248876707074891,0.002696047459085288,0.0027349920438039686,0.0011322937114348491
2019-04-12,0.0033829087167134455,0.004279294201150021,0.004244691985597485,0.005618756133100082
2019-04-15,0.007346951878811522,0.006579980714323045,0.0065125146040378125,0.009721543006543855
2019-04-16,0.008335228606919662,0.006572209575762251,0.006574862229983302,0.004167276447341606
2019-04-18,-0.0001106866105910001,0.0025575896884493334,0.0026838761886012617,-0.00254596870983325
2019-04-22,-0.010390622807562007,-0.009473534846393543,-0.009603295036825,-0.0017966389938098078
2019-04-23,-0.0008881112805443794,5.603984948617804e-06,6.166528489442015e-05,2.142766315309892e-05
2019-04-24,0.01285310268089669,0.012293615905099328,0.012356712133971139,0.007031618271950179
2019-04-25,-0.004922596855734306,-0.005500024421665925,-0.005528789620329781,-0.002884770699802546
2019-04-26,0.009767881476382995,0.01006910853878808,0.010008059060321551,0.005655965255334333
2019-04-30,0.002265891257996011,0.004845496368625214,0.00499421660856347,0.006346377777116381
2019-05-02,-0.0034160926397842767,-0.004445445416715936,-0.004480189051988357,-0.003676279144541423
2019-05-03,-0.0027739147704027075,-0.0028306030178961487,-0.0028320937170458584,-0.003300422677435402
2019-05-06,-0.007868449197284619,-0.00924130632523045,-0.009398524119714941,-0.007359800840617785
2019-05-07,-0.007913778632242338,-0.00789294161931438,-0.007980336634646598,0.0001850261767017714
2019-05-08,-0.011042149654305337,-0.012518741351063976,-0.012472999804542058,-0.006899808912554638
2019-05-09,-0.005630895932165042,-0.006616437230590417,-0.00675142150514007,-0.004702241684279637
2019-05-10,-0.0030055586937511474,-0.002517504972095132,-0.002602406305629139,-0.0035753289094770427
2019-05-13,-0.011040126776604351,-0.008833028035908332,-0.008953022041022423,-0.007842755242434017
2019-05-14,0.005441899797717937,0.003020912428862443,0.003013418194621103,-0.0006149367623309227
2019-05-15,-0.004360184692539832,-0.001781807012864872,-0.0017907711115937267,-0.005555690859142455
2019-05-16,0.009610252625657319,0.010820386743403413,0.010886240235830945,0.00875091088232115
2019-05-17,0.012808914637846029,0.014180959119368152,0.014101144666347978,0.009876118384151556
2019-05-20,0.035189201109946784,0.03201180022421446,0.03188414444340392,0.020051899377958225
2019-05-21,-0.009696192769544533,-0.004803041411813585,-0.004645621261200684,-0.006517053659441596
2019-05-22,0.0023482077573490135,0.001017216897226144,0.0010514264682810017,-0.000527223425931374
2019-05-23,-0.006229635445802559,-0.008121273154946948,-0.008069010545459025,-0.00901355722022629
2019-05-24,0.01471318238240518,0.013715580081521081,0.01384188406455301,0.009394423870591724
2019-05-27,0.004492282992877834,0.0026151352574192922,0.0023398999128012507,0.010373127829177615
2019-05-28,0.0009755317549886829,0.0020293581982733628,0.0020904139857847704,0.00488381033126515
2019-05-29,-0.004844705321502875,-0.0037247175939150528,-0.0037464113812248926,-0.0005546481891890811
2019-05-30,0.007472733816951245,0.009494999455274485,0.009444622462012437,0.00871366569526245
2019-05-31,0.0004678254667787491,4.155330030515255e-05,8.946972327619282e-05,-0.0010906647299034913
2019-06-03,0.014746160989352991,0.013868526161510322,0.013788183208062807,0.015921230498314752
2019-06-04,-0.005999662406790834,-0.006156502474012286,-0.0061565699249678685,-0.0048589154885952356
2019-06-06,-0.012061509544493934,-0.011673598909160216,-0.011688055593796683,-0.0013663636707571757
2019-06-07,0.0014629960009131433,0.0007831699261627505,0.0006957065893685658,-0.0032620973881289494
2019-06-10,0.006521204110257405,0.006921921294087314,0.006928042974565597,0.0067462088726642205
2019-06-11,0.0038544084587771926,0.00347529831580201,0.0034108513500201738,0.0007966386078275462
2019-06-12,-0.0036904028201865456,-0.003386272611659609,-0.00336459616434991,-0.0037356918220483423
2019-06-13,0.0015718647375011475,0.0028347910418450705,0.0028602102172367136,0.0026487163639453116
2019-06-14,-0.007969679947923889,-0.007882324059201303,-0.007906536163067052,-0.006063346963129136
2019-06-17,-0.012994857091823688,-0.011215009437527903,-0.011251165255893225,-0.005434785673116095
2019-06-18,0.002053614536237902,0.0024175940243596214,0.0024056305610418564,0.004478641309624154
2019-06-19,0.0002787981063744505,0.0007915633314544878,0.00080416707152562,-0.00023365766029402536
2019-06-20,0.012445084793431193,0.01011162232188843,0.010089005695476806,0.003646248067511395
2019-06-21,-0.008495700967771143,-0.008236569079043961,-0.00813848967347286,-0.008619306872132661
2019-06-24,-0.0018703845385382599,-0.002139705079309996,-0.00217174662931672,-0.0004940818601387047
2019-06-25,0.007805848891994494,0.008625783471438532,0.00863938803412718,0.0062207472491410945
2019-06-26,0.004370258708030115,0.004791598626094955,0.004844575383530965,0.008265280596788696
2019-06-27,-0.0009281531549399257,-0.002710880635192533,-0.002758971200250282,-0.004008275532447415
2019-06-28,-0.004059571839719988,-0.003816974489961394,-0.0037574963494017843,-0.00374182653616551
2019-07-01,0.003908008018259418,0.0043193223393579545,0.0042909798914885595,0.0051973633143057914
2019-07-02,0.003674332273862173,0.002810714674760862,0.002671094227350758,0.0035172553657600875
2019-07-03,0.00014105126613542105,0.0008292873636851056,0.0009365453278610374,-0.0022033911543492923
2019-07-04,0.0029585328178316733,0.0025228262449605984,0.0024832178799800673,0.0010480267293099283
2019-07-05,-0.01240848555005368,-0.0106224105897937,-0.010559560307653575,-0.01499251355732788
2019-07-08,-0.02347957597752906,-0.023138563446785557,-0.02330155372688115,-0.019194903801866014
2019-07-09,0.000893770243540793,0.0016111722799838641,0.0017308756263215513,-0.00938789331474159
2019-07-10,-0.005863984405656526,-0.0045138738846332615,-0.004433197199164829,-0.000402299666816247
2019-07-11,0.006387105071101192,0.0032784035550037617,0.0030269028689984875,0.006198310976354481
2019-07-12,-0.003156127605874235,-0.004293705041376095,-0.004231630090184796,-0.00833177493342433
2019-07-15,0.0025185575824346602,0.0007989452740696627,0.00046036940896818226,0.0040519237705161325
2019-07-16,0.005961673150297946,0.005817874772252895,0.005889012065334726,0.006238010815863912
2019-07-17,0.0017667442248335149,0.0018899318010211054,0.0018007857399183456,0.00101217086570895
2019-07-18,-0.010784353976593837,-0.006776478770323736,-0.0066065703816943384,-0.004439074819032433
2019-07-19,-0.013576315416268065,-0.014277586731915348,-0.014380933833342501,-0.009626053592102387
2019-07-22,-0.0030180564444606257,-0.0046984662478227225,-0.004844516013764076,-0.009737280837392925
2019-07-23,-0.00017278581020040842,-0.00021796294011947932,-1.9000353414924883e-05,-5.358828035003133e-05
2019-07-24,-0.006710819659126628,-0.004467340735939635,-0.004442620149959068,-0.0010334780463196452
2019-07-25,-0.0019225771565945596,-0.002785339711324487,-0.0029665068566568902,0.0006072256195876032
2019-07-26,0.004023143437166242,0.0049681073183557006,0.005242177054594602,0.0023264535991914057
2019-07-29,-0.006889847396687295,-0.005269395919418055,-0.0052069580522918915,-0.009981728435153861
2019-07-30,-0.006561916503470636,-0.004597443586836803,-0.0044765717802640265,-0.004173090950212414
2019-07-31,0.0027591937470720328,-0.0011210125235575998,-0.0011450971305618136,0.0027050763323906704
2019-08-01,-0.010156874388816562,-0.008967706559357252,-0.008824405147917002,-0.0062382155341327294
2019-08-02,0.0021248601441333686,-0.00038758027498909573,-0.00028968152711426616,-0.006624994829892143
2019-08-05,-0.01091288540279073,-0.012875164634912591,-0.01293005144066618,-0.008539034478896125
2019-08-06,0.006751404467522958,0.006227535710406939,0.00625885691926968,0.005839310730186901
2019-08-07,-0.0067772742253656365,-0.0060968436889895315,-0.006024859204035038,-0.0019452091956756626
2019-08-08,0.017750548486772412,0.016938714308483274,0.016892667979569138,0.016997954865897235
2019-08-09,0.007447766380905202,0.008221936773421907,0.008255163817807939,0.0038207063901679306
2019-08-13,-0.013006058483379719,-0.012388332715759951,-0.012251055309035279,-0.01887971586018819
2019-08-14,0.008809881393277128,0.009914374033913657,0.009963172722561048,0.0013636941392418979
2019-08-16,0.0005484367957131408,-0.0006547698239848651,-0.0006242261505018119,0.0009204329671731867
2019-08-19,-9.085294120061025e-05,0.0012313205495742582,0.0012436318308419291,-2.2935720394618277e-05
2019-08-20,-0.0019114438375982098,-0.0040943434859638216,-0.004226024185426608,0.0008160708066629542
2019-08-21,-0.005998480723012016,-0.007703494610808637,-0.007808306466501724,-0.00783652050148464
2019-08-22,-0.012616029600036893,-0.014138901014188816,-0.014211847097555267,-0.008723107513050145
2019-08-23,0.0074413716488385346,0.006525929386789661,0.006460285398890597,0.003753896775513221
2019-08-26,0.017972677151014436,0.021920231381244135,0.02200912556215391,0.017754585514220704
2019-08-27,0.0018329826657111224,0.0030836683065044996,0.0030957727540276456,0.003884740482771952
2019-08-28,-0.006802413958721634,-0.007311132226181551,-0.00728399264237641,-0.006934868135021278
2019-08-29,-0.0063809438375419004,-0.008245700150170465,-0.008300486503967688,-0.001824589302238938
2019-08-30,0.0061755194897503505,0.005489433296226788,0.0054325155935105885,0.0026146635487778506
2019-09-03,-0.01847156991584866,-0.01907357704604154,-0.019090337082398753,-0.013121646919665293
2019-09-04,0.0031980918718704657,0.006064448452118914,0.005990741790288371,0.007161400906749624
2019-09-05,0.0010745746071428685,-0.0011789217526693618,-0.001125198749133447,0.009528786072006619
2019-09-06,0.008924889544260451,0.008053808545887251,0.008066297867590657,0.008065992806532005
2019-09-09,0.005276921084048867,0.005252777575701771,0.005268843920081053,0.003221250387561027
2019-09-11,0.0014325697202711308,-0.0008246278974133345,-0.0007736298151475485,-0.005577135511081799
2019-09-12,-0.006117143226028745,-0.004736271540330213,-0.004689998851849591,-0.005810211660984923
2019-09-13,0.007702719759315924,0.007587842593400159,0.007569172206580563,0.003951535415014779
2019-09-16,-0.004172194240754768,-0.003915007493800965,-0.003911286068130807,0.0004070107893412082
2019-09-17,-0.015547706356093649,-0.014684774862143112,-0.014713720772786215,-0.00988009598821368
2019-09-18,0.0026326099649014393,0.0034312878892499756,0.003417718178139031,-0.00017922779974325172
2019-09-19,-0.011800523645533875,-0.011386176920633916,-0.011354105768641046,-0.005769693491924344
2019-09-20,0.05711225401132727,0.055525478378988455,0.055776417336934676,0.03622102138395684
2019-09-23,0.0258158332997662,0.026081805473871764,0.026107879680650883,0.009329538921848842
2019-09-24,-0.00019399187141990511,-0.0024367263241445373,-0.002570899471288896,-0.0008602305889804464
2019-09-25,-0.009721525565623258,-0.00870957389068871,-0.008770171769280148,-0.00402134428416382
2019-09-26,0.011921634121241165,0.010284614255711182,0.010373563157879552,0.006976496241274833
2019-09-27,-0.003947529550047875,-0.0015100975108731077,-0.0015583601696169517,-0.005296225555536003
2019-09-30,-0.0002195189405989986,-0.0007147897184540356,-0.0007585135715194843,0.00029001722314445934
2019-10-01,-0.011162708373203715,-0.011243362240542015,-0.011313026044002179,-0.009985679282398439
2019-10-03,-0.0049514064121432685,-0.005585839396220615,-0.005658362647944442,-0.0003326426438675517
2019-10-04,-0.01267939578948643,-0.01427304372162295,-0.014363517741744011,-0.010727928693589323
2019-10-07,-0.004394460638581026,-0.002289770472946117,-0.0022072679944981697,-0.0038034965527856133
2019-10-09,0.016743614999878094,0.01838161507582165,0.018650472942831276,0.008102621164579424
2019-10-10,-0.00444830057862367,-0.0044430468280760435,-0.0044709731869357295,-0.0033638322115519858
2019-10-11,0.005362962957635354,0.004879188393524833,0.004884343441956088,0.009815459794428313
2019-10-14,0.005179830480607,0.0036060785038366187,0.003653513500474274,0.0006586854845245239
2019-10-15,0.00866963173390456,0.007894645274439758,0.007917989009534556,0.008885214086214946
2019-10-16,0.003443158369551907,0.002665915723535557,0.002690463927256209,0.0011642951486096765
2019-10-17,0.010969343037110498,0.00991542142179464,0.009899155595583183,0.0048321007750457765
2019-10-18,0.00805822794500649,0.008025416404049862,0.008156330913149601,0.009949027125602533
2019-10-22,-0.0043880486278824165,-0.002757452241392617,-0.002519157208726543,0.001208099575411931
2019-10-23,0.0006921649183883509,0.0009409211349529601,0.000810921791756324,0.005958396400766242
2019-10-24,0.0004339554949554566,0.001122369725432588,0.0010701819581422117,-0.006080513292956345
2019-10-25,0.0033567533098262424,0.0038031058547459535,0.0038008111743984972,0.0010042662429911517
2019-10-29,0.015299083931535852,0.011360955872087238,0.011164772465561435,0.00829320779620084
2019-10-30,0.005989800061712901,0.007056196414415926,0.007002784408025815,0.0030199871983497785
2019-10-31,0.0018710712136830211,0.002019400798274764,0.00198795733341026,0.00218769303917083
2019-11-01,-0.0004095642223162049,-0.0025847891095034997,-0.002851845046628395,-0.002323936180392511
2019-11-04,0.0018783175528077857,0.0032885916118217404,0.003381288023627956,0.0006239676209137007
2019-11-05,-0.0011494791193957838,-0.0013785452903277479,-0.00145870981577127,-0.0006519177266000877
2019-11-06,0.00014387178111737727,0.0007432342088816683,0.0007713511608502038,0.001813854628522228
2019-11-07,0.003053985328927957,0.003016079523545087,0.00301406928108903,0.002345939673328372
2019-11-08,-0.010163337585616631,-0.009727199278463135,-0.009654817842573719,-0.014117247793533625
2019-11-11,-0.0009482445227610837,-0.000509133083493246,-0.0005769290963625215,-0.002904705042554838
2019-11-13,-0.0014562974133939363,-0.001662871226562323,-0.0017902676308754856,-0.0062090872078832135
2019-11-14,0.00156030573885939,0.0030405692429860648,0.0031199652429577045,-0.00040058045514613496
2019-11-15,0.0035228073887710303,0.002064804023292646,0.001977484116775407,-0.0017675385836701289
2019-11-18,-0.0016574939138198873,-0.0023822535571147896,-0.002381089690334069,-0.000942095909624861
2019-11-19,0.005993361693681213,0.005203417432848705,0.005228560597518157,0.0038988293189215558
2019-11-20,0.005400470431230753,0.004747808514155346,0.004850058203546235,0.005845759886225347
2019-11-21,-0.0032085442713462933,-0.0016186486108579513,-0.0015569882720910398,-0.0002574249863182918
2019-11-22,-0.0062994348302140395,-0.008850502706173517,-0.008911764091546502,-0.005951824850135455
2019-11-25,0.013534620328440007,0.012210119031685092,0.012187574109461325,0.009421985759361136
2019-11-26,-0.004972577764819203,-0.003121766856376081,-0.0032023292293596943,-0.003948224419999787
2019-11-27,0.006045206691677137,0.0045383673172605665,0.004429264580801588,0.00458193137345665
2019-11-28,0.004160792644417567,0.0038058844011612837,0.003958668738642798,0.0020624277910096292
2019-11-29,-0.008216816470826714,-0.008227346874473733,-0.008255650888015517,-0.00971473968321099
2019-12-02,-0.0006471067759411921,-0.0012409176406577664,-0.0012333161398449567,-0.005561986996669322
2019-12-03,-0.004140351388691185,-0.003022967663571527,-0.003110772345267361,-0.003295121776399047
2019-12-04,0.0035943341848402913,0.002640550710722288,0.0026100163741615075,0.0038983016417021236
2019-12-05,-0.0029167979515988735,-0.0010836857427478656,-0.001143422528687726,0.0011566060282306196
2019-12-06,-0.00603495115830051,-0.003911606791843437,-0.003947358737235087,-0.0037339596212862367
2019-12-09,-0.001239985766528534,-0.0007523674168232303,-0.0007168165454892774,-0.003332368500960599
2019-12-10,-0.005936384632936603,-0.0053111803585737475,-0.005367371974476809,-0.00984058520184127
2019-12-11,0.0035665814750850634,0.0028952237302436153,0.002704208627863393,0.002895140857068182
2019-12-12,0.0046343293881899415,0.004526433611016272,0.004671920607194275,0.00425786510131714
2019-12-13,0.009129455429970242,0.008113479189034644,0.008407943038595935,0.0033594904434758248
2019-12-16,-0.0033329187465495754,-0.00286029442250546,-0.002804699946328408,-7.993782678087219e-05
2019-12-17,0.00809875085348988,0.007797420028941213,0.007904698514391642,0.007373148572393714
2019-12-18,0.0038296203699035775,0.0031282207313558467,0.0031201475436718785,0.005649897899560881
2019-12-19,0.006303529296521155,0.006460544226320583,0.006473084953256086,0.0034188118240281455
2019-12-20,0.0020961703624979328,0.002853481188036391,0.0030502039050445484,0.002114202335127581
2019-12-23,-0.0016288074915894526,-0.000620715091835206,-0.0005714118851626914,0.0005165768922827697
2019-12-24,-0.004229191891313641,-0.005559235479710113,-0.0055050112466680165,-0.0016569802187114966
2019-12-26,-0.0077026916413925044,-0.007748297387936245,-0.007855860442431247,-0.006187891492590234
2019-12-27,0.008924861683474929,0.009393256520762427,0.009519413754500675,0.006819650028607899
2019-12-30,0.0007797912975538644,0.0002540095854446211,0.0002895962907998632,0.0017242955628859673
2019-12-31,-0.0068792632255939385,-0.007355768803302473,-0.007387149522849852,-0.0046367639642710835
2020-01-01,0.0004504910976599719,0.0007653304907651664,0.0007698539760643937,0.005136852639328407
2020-01-02,0.006808543698265239,0.005975921228038533,0.006037330959186027,0.0006577547046117587
2020-01-03,-0.003629065920589827,-0.00411773309517022,-0.004084102231320919,0.00011763746675393772
2020-01-06,-0.017362225380465578,-0.018454313365064146,-0.018552240935950256,-0.0065943185233547546
2020-01-07,0.004893767404819719,0.0048966336863231754,0.004966768255756193,0.0028024159209459765
2020-01-08,6.960235287313078e-05,0.0028816922579174764,0.0030174045104850184,-0.0011360187261089587
2020-01-09,0.012877319422833242,0.013072682639538464,0.013117425737435707,0.00522749116220128
2020-01-10,0.003667688914740813,0.0030556342192195915,0.003018900730637396,0.004296507827569931
2020-01-13,0.005471323993898559,0.00408276314518914,0.003991719515773692,0.009309623785159494
2020-01-14,0.002204227814625534,0.0026883676665121737,0.0027797876594222266,0.0063626501615211516
2020-01-15,-0.000872422978883889,-0.00048307806004808365,-0.0004961686140883753,-0.002011639423065632
2020-01-16,0.0030972020908211096,0.004466561007780051,0.00438254254671524,0.005185540724560963
2020-01-17,0.003095951613346877,0.005236825860395374,0.0052216424672995275,0.005783185166326324
2020-01-20,-0.012204139888980467,-0.010737409696477138,-0.010538711076505268,-0.0025411779769867614
2020-01-21,-0.004798885558892031,-0.0034758005840086243,-0.0034686432443869638,-0.006915675645442338
2020-01-22,-0.0026876191950119467,-0.0014160370287140504,-0.0012860212969482583,-0.0010146397850739077
2020-01-23,0.005559329079635758,0.00449947979913644,0.004346041579457801,0.003427988543628242
2020-01-24,0.004908985124722453,0.0050316617156748065,0.0050001469730437,0.003414964969760989
2020-01-27,-0.009427456536164783,-0.008189396638690274,-0.008180767264835395,-0.0023698453327786807
2020-01-28,-0.006390287436713751,-0.005416051432262846,-0.005482364120402156,-0.004290166530385314
2020-01-29,0.006665155087718763,0.0074320433863555935,0.007351935313026111,0.008165002558399893
2020-01-30,-0.009877870434033546,-0.010073329842793858,-0.010136650207184504,-0.006282617496129061
2020-01-31,-0.0077984826552173914,-0.008305371703608186,-0.008420109438442373,-0.01034193101492424
2020-02-03,-0.009588982521781284,-0.0027405038341957715,-0.0026850506825338745,-0.000668069555738505
2020-02-04,0.020796216160472607,0.021760433507373854,0.021799889501167166,0.017904349062120416
2020-02-05,0.007842411486640985,0.010256913474507063,0.010264637022192886,-0.002686619050485499
2020-02-06,0.0036491965945157348,0.0025592520856362283,0.0024526009032720926,0.0011942236574704677
2020-02-07,-0.0020999964994121746,-0.0020198250509218126,-0.0019950824012039798,0.001993260571557039
2020-02-10,-0.004435332124121817,-0.001178514088975434,-0.0011297304464939484,-0.005014208779299646
2020-02-11,0.005384748435955008,0.004603250632116835,0.004570618815891323,0.006856008541146448
2020-02-12,0.009298704902359158,0.010452628410199753,0.010242153678880473,0.00856300913851282
2020-02-13,-2.3983122384245767e-05,-0.0007805855234441769,-0.0009133714637535349,0.0038890740356943413
2020-02-14,-0.004664887537672332,-0.0010447041214440846,-0.0010139876741128778,-0.006360282204182132
2020-02-17,-0.003176741873214208,-0.0034028483909657042,-0.0034248800968168062,-0.0022160052291896218
2020-02-18,-0.00351597104327577,-0.004845778772568106,-0.0048770745388605555,-0.0023337302238708047
2020-02-19,0.010143748275708733,0.012202261973835494,0.012197150477960298,0.010396514290310754
2020-02-20,-0.005115204138380194,-0.007062821890995701,-0.007180293003861478,-0.008012143029410612
2020-02-24,-0.019503743578443304,-0.019838781140578472,-0.01976402334026636,-0.014868441102283842
2020-02-25,-0.0020750722931999876,-0.0015881799407751786,-0.0015832394245220338,-0.003907730903965346
2020-02-26,-0.008987600778011777,-0.008659752715222614,-0.00871891614844552,-0.006695022356297729
2020-02-27,-0.003443188091488851,-0.0035845179328174146,-0.003633399002743894,-0.0027547012734150437
2020-02-28,-0.036081090878129815,-0.03791878866949332,-0.03771595289582716,-0.039508855341792756
2020-03-02,-0.006782854497698622,-0.005043825942631332,-0.0049552874968359,0.0015543625712994608
2020-03-03,0.016504367434085503,0.0182257915722828,0.018581449829733025,0.023968968689417086
2020-03-04,-0.004567763924679832,-0.005017116292421914,-0.0049763731028736324,0.01189518949058801
2020-03-05,0.004487804106811186,0.004260304646305824,0.004259157080669076,0.0068768672201045275
2020-03-06,-0.02031747990282107,-0.019017449403037647,-0.018991438292639228,-0.014784068249437465
2020-03-09,-0.050539564560900675,-0.04725089831000132,-0.04683186543684759,-0.03612784198128417
2020-03-11,0.00045255028665004547,0.002073595693438986,0.0020896461079567214,-0.003397860516965268
2020-03-12,-0.08097902995875413,-0.07910205981707415,-0.0790183581291607,-0.07084101224274125
2020-03-13,0.03208768010927346,0.03073179122833268,0.030806600055876356,0.009690954080753307
2020-03-16,-0.06974187043819736,-0.06408630221588106,-0.06386221533505955,-0.054068839873429336
2020-03-17,-0.01884496893656242,-0.022487423844963276,-0.022140259644072856,-0.005391317177063945
2020-03-18,-0.05285783512671063,-0.0617910311992388,-0.06240545505222696,-0.055648792755135526
2020-03-19,-0.025920226629328184,-0.02922427418520062,-0.029519918187637315,-0.008481852135980319
2020-03-20,0.06120520770215858,0.061044714221739245,0.06052661985416179,0.07377275566653059
2020-03-23,-0.1255456973687739,-0.12844690509838638,-0.12795464610487112,-0.08296195178009483
2020-03-24,0.03128281930785085,0.029321428193990987,0.029065511414139534,0.023882755191610185
2020-03-25,0.06475122070982617,0.07149382394957993,0.07124956992647227,0.03651419606175456
2020-03-26,0.03445315078880632,0.034683805231075,0.0343697862895355,0.030102774698058454
2020-03-27,-0.002496151844483155,-0.008418492762601155,-0.008975095608236013,0.004150957441445598
2020-03-30,-0.034036376023810315,-0.03843556711200829,-0.03861670793249737,-0.008227591817767192
2020-03-31,0.03794770943049022,0.03911462384013662,0.039081450618126436,0.039282783980411566
2020-04-01,-0.041302770558432414,-0.041351198699273645,-0.04094701755774761,-0.03565701466773676
2020-04-03,-0.018135849474982767,-0.02213353825641945,-0.022309025609265298,-0.0027301211765609836
2020-04-07,0.09386210625711143,0.09540194118343814,0.09559163545839007,0.08830456247392433
2020-04-08,-0.005731614023490361,-0.006340388551313297,-0.006192289755756776,0.010371974098375881
2020-04-09,0.034770682065598066,0.03582219576040086,0.03608077319355376,0.035505466270153954
2020-04-13,-0.011832764724710735,-0.016008682787975303,-0.01613227997699542,0.0010549838884466073
2020-04-15,-0.004292373544403308,-0.0027565037695619988,-0.0021075559407153065,0.011348682299751353
2020-04-16,0.004559714763752264,0.006204326686210544,0.006670333130161868,0.010825205275210026
2020-04-17,0.027254685596571578,0.025386341038580063,0.024985167931779777,0.0026932763654559113
2020-04-20,-0.002719930179732495,-0.002193636379158,-0.002073669586923521,-0.007143457885688057
2020-04-21,-0.02686028493255106,-0.026325266130271485,-0.026394847349782456,0.0002772146555169834
2020-04-22,0.026389519349689916,0.026576243720801467,0.02640607116477856,0.010199106002832425
2020-04-23,0.013048095241260493,0.012630978362151726,0.012305285843673542,0.001355065860387858
2020-04-24,-0.013327533022113858,-0.01740560081301405,-0.017765668350134104,-0.0037226712676388433
2020-04-27,0.013691252135582106,0.015320553420665234,0.015587155283667775,0.009837075337624193
2020-04-28,0.003858200693097806,0.00472386157333501,0.0044834686662237515,-0.01381273666089765
2020-04-29,0.0123472872639203,0.013163778652320282,0.013518778345635836,0.0032726536344409953
2020-04-30,0.028111567034160585,0.027100062212709504,0.027626981028133456,0.024935209848476206
2020-05-04,-0.048786759919092974,-0.04740096396321578,-0.04791068045800719,-0.022832525632864913
2020-05-05,-0.008582651298104515,-0.009761296121089549,-0.00985989625841488,-0.006018765156983438
2020-05-06,0.005583140764724832,0.006943098344736449,0.006880205542126258,-0.0010716934075360727
2020-05-07,-0.006925039603268662,-0.010510778323604782,-0.010614057589316401,-0.014930820013693813
2020-05-08,0.009104135096856819,0.011656618286393012,0.011767602691227525,0.0026520251954881067
2020-05-11,0.0006069414171545318,-0.00256832388951766,-0.0031163790608434096,-0.002839637771737432
2020-05-12,-0.007182233004634229,-0.00625313451456806,-0.005845888826588057,0.006719671852100061
2020-05-13,0.016282626952756132,0.013211812411416286,0.0131971003558933,0.004254784397904551
2020-05-14,-0.02289875160545005,-0.022852459492898637,-0.022759926613210846,-0.01908424610583516
2020-05-15,0.001245432647968137,0.00324437977677284,0.0031513884494715275,0.001605507423165956
2020-05-18,-0.028189467357384965,-0.028204625112385643,-0.028399886551184812,-0.014241248584542196
2020-05-19,0.007012434618441782,0.00893489717395929,0.009156360411615586,0.01164603580348232
2020-05-20,0.016611486257949955,0.0148941774701462,0.014649703905036157,0.01606786633625422
2020-05-21,0.004994184086992845,0.004045365688334246,0.003868291290713013,0.008824566754698091
2020-05-22,-0.003529713079955454,-0.0034447723924827794,-0.0035606048195833315,0.0014701889467096572
2020-05-26,-0.003978986281267503,-0.007249501338805776,-0.007581038690458416,0.000855553659376749
2020-05-27,0.028203521211618995,0.02558917043366368,0.02544650634333833,0.011183134204135383
2020-05-28,0.015826528341431733,0.014381449655011825,0.014121617199654738,0.004650758382393798
2020-05-29,0.008288951138184602,0.006988911655741845,0.006621034529843295,0.025527666714766098
2020-06-01,0.026094216479879077,0.02506026633226699,0.025332058845568866,0.005893890153326291
2020-06-02,0.01117153354191178,0.010676718443813701,0.010708270695930633,0.0008309601796801783
2020-06-03,0.007728041111842106,0.008779426536187237,0.008773349949774993,0.001373353585212758
2020-06-04,0.0013584946649847086,0.0004820824474549617,0.00038739117671635916,0.00986155705088429
2020-06-05,0.009480193607012794,0.009076967587389234,0.009260976351879486,0.003606770849660087
2020-06-08,0.002924764743449193,0.0022899213404102893,0.0026079479247482582,-0.0035513971356984564
2020-06-09,-0.013089440781183823,-0.01361554971105578,-0.013730428010478742,0.0010897598798987797
2020-06-10,0.006632461067769652,0.006916292169848682,0.006881692325739437,-0.0006253807624234342
2020-06-11,-0.021155464995038977,-0.021517432484473516,-0.021781068704309688,-0.010492479471028212
2020-06-12,0.007936042595436545,0.00812168122006373,0.008332015825830331,-0.006142672276702623
2020-06-15,-0.013362086703595514,-0.013881099166579427,-0.014040052025679326,-0.01136171049859354
2020-06-16,0.00720842571215065,0.007202961909596495,0.007118367778699412,-0.002796096662606225
2020-06-17,-0.00024499671280271885,-0.0008716532504280844,-0.0008310994549006511,-0.007847779929138857
2020-06-18,0.01762722888381432,0.017111408123650276,0.01697760616500894,0.011181087509146065
2020-06-19,0.019939830169981427,0.02167913205162956,0.02200916549404269,0.008414875291184747
2020-06-22,0.006061083264609169,0.007463379197088583,0.007706380736461301,0.017316775882489074
2020-06-23,0.013923971026788877,0.014342618159796709,0.014592610149228632,0.023132587816743932
2020-06-24,-0.014370629090324655,-0.014717195362257475,-0.014694926134331323,-0.014938828145791179
2020-06-25,-0.0010530378989908789,-0.0003216861095950638,-0.00036146647123230563,-0.0023100299338691213
2020-06-26,0.010719847177601511,0.008836433440440777,0.008647016958654401,0.004842935155518819
2020-06-29,-0.004964316594575386,-0.003916632222386275,-0.00422004383581187,-0.00456565163876121
2020-06-30,-0.0026846047728566703,-0.00318242542290167,-0.0033391435972340623,-0.006888911218647286
2020-07-01,0.008896543518171192,0.006196053947298402,0.005826760833951643,-0.006565389549360423
2020-07-02,0.010642780565508301,0.008640892559768219,0.008812202155882106,0.008207074461676414
2020-07-03,0.00707623853707326,0.007156231689034415,0.007073733838154832,0.00591560530169663
2020-07-06,0.01756994214961765,0.015119009207324162,0.015399571844393277,0.003451677963897669
2020-07-07,0.0022733407890865006,0.0016480403378995696,0.0017716339243392142,-0.004310650492988156
2020-07-08,-0.00993575642176845,-0.0097866161573325,-0.009836212552966647,-0.010625988173368614
2020-07-09,0.008307255723908006,0.006815323705643348,0.006495618541753843,0.0037589744200837174
2020-07-10,0.0006576822250491691,0.001813411353620018,0.0016760015166462944,0.002987640040818504
2020-07-13,0.0058784780532094355,0.006836922491654426,0.006987622081407273,0.002326468945811724
2020-07-14,-0.016763064243262838,-0.014727257021903587,-0.014437622482768713,-0.011513933672258838
2020-07-15,0.00024995130184894254,-0.003025677439708702,-0.003762685583172342,0.013414043638047043
2020-07-16,0.010495068501895419,0.009867270763821129,0.009802285398318279,0.009410797242075108
2020-07-17,0.015270044604287712,0.015167316075495513,0.015175764310513281,0.004712861604397568
2020-07-20,0.011282603987995542,0.01045220098212848,0.010621391102961097,0.0024278808962092426
2020-07-21,0.008624267675344917,0.010003169030869103,0.010323744504609676,0.004019281111094668
2020-07-22,-0.0035702991107638233,-0.00423020735796818,-0.00455014008848188,0.0016448034204447257
2020-07-23,0.008062916436351163,0.0106798080519332,0.011508292803283613,0.013989876039909869
2020-07-24,0.0006917901746420576,1.3589120788073135e-05,-0.0001620030966922534,-0.0057022003446924215
2020-07-27,-0.0038613950187073504,-0.0031747634653954064,-0.003231020074200676,0.0011512978173194258
2020-07-28,0.0159114298867037,0.012486383880394289,0.011971184309644221,0.00751242846811067
2020-07-29,-0.00975854167022888,-0.00938268069711358,-0.009443594801177936,0.007856862614780141
2020-07-30,-0.005310188285889182,-0.002319851520177774,-0.0022562599456635796,0.007676450136620758
2020-07-31,-0.0018094757129760975,-0.0021277826060563504,-0.002113693480944606,0.007757423654473758
2020-08-03,-0.01517295273496531,-0.015479140261353505,-0.015579735367859286,-0.005263785115513823
2020-08-04,0.01904355379377924,0.020754291644387034,0.020987632938185785,0.005835824822634319
2020-08-05,0.0012476695760509238,0.0006884308832362784,0.0009227657331355881,-0.001638885633007928
2020-08-06,0.009449615383573919,0.008975852505570061,0.00885363389208773,0.008171514708165609
2020-08-07,0.002539550721812986,0.004123136267560016,0.004534300034359361,0.005676094869451262
2020-08-10,0.0028530297919188135,0.002042572266944893,0.0018064239597077461,0.021151299490249846
2020-08-11,0.003695384430978554,0.002869462630709511,0.0030337921896881207,-0.0035672937555986765
2020-08-12,-0.0016137552365565408,-0.0028806586499860076,-0.0029998647840185793,-0.004853203671722037
2020-08-13,-0.0004622262062394604,-0.0010387199852617537,-0.0011275843744548895,-0.0014019645736085132
2020-08-14,-0.010522015208406465,-0.009965473101539382,-0.009805549683153574,-0.0035121426248634346
2020-08-17,0.005279704472613962,0.004746352932843263,0.004968065167152153,0.013118584188517822
2020-08-18,0.012242469660920812,0.011564486445858882,0.011287138615855601,0.003187171519976374
2020-08-19,0.0011564802300216034,0.001977654549112577,0.001964449984591009,-0.003215808859123994
2020-08-20,-0.00693014142493507,-0.0062913895795813045,-0.00590526769270541,0.006001360267322085
2020-08-21,0.0050221721874759324,0.006092013829789564,0.006140764518815761,0.019477898577092936
2020-08-24,0.007648957743446871,0.007896016528721494,0.007827726343650525,-0.005033191089561097
2020-08-25,0.0008010960900283205,-0.00029675192818375695,-0.0005185691229942697,-0.0027932278378667587
2020-08-26,0.006407998151171019,0.005199559327424314,0.00535368464378902,-0.003569671226315027
2020-08-27,-0.0015309124932123914,-0.0032983388323409254,-0.003317888938241151,0.0021661107327222966
2020-08-28,0.0062533399973359015,0.004683093451064164,0.004525399000398359,-0.005342822897443389
2020-08-31,-0.020873295051833423,-0.01933525902151546,-0.01890356128357316,-0.02579360320846283
2020-09-01,0.010125280019925095,0.010290747975374718,0.010059599936042394,0.015904017844539323
2020-09-02,0.007056712869182449,0.008861439664072279,0.00918860689867472,0.006445565847278068
2020-09-03,0.00014692947150223815,0.000493044040369358,0.0005422178517505315,0.006299245949926573
2020-09-04,-0.015374782908481354,-0.015179183377154718,-0.015523337514540332,-0.017765114735533005
2020-09-07,0.0013856286946268494,0.0012637061836040103,0.0010974611403585157,0.0073554207022927115
2020-09-08,-0.0023262541877871338,-0.00045246773951568097,-0.00017468844285830313,-0.009791437805178185
2020-09-09,-0.001592739427885557,0.00035474884748384303,0.0006250421389321339,0.0056556726161971615
2020-09-10,0.016192009383787606,0.016283538314023644,0.0165948896199785,0.004452916852442051
2020-09-11,0.002677263920696806,0.0025437300870824746,0.002591378776598637,-0.0011132515533652367
2020-09-14,-0.00041575101108377757,-0.00045477841997092964,-0.0003870687243450032,0.0013217574031703506
2020-09-15,0.006304698692028171,0.006345555576811741,0.00636594464737422,0.006687518052883507
2020-09-16,0.006417035709137565,0.008940904633616348,0.009181679770446202,0.00879455869982986
2020-09-17,-0.007838388409787189,-0.006400027949029207,-0.006449067574849215,-0.0018246506087533573
2020-09-18,0.0002453324019861655,0.002928819633730722,0.0033675552473829704,0.030193408340959002
2020-09-21,-0.02310798747665954,-0.022822577112115914,-0.022903733039630225,-0.02590281971965275
2020-09-22,-0.0061927439923843445,-0.005227614333933871,-0.005268603454815701,0.0013136046983452036
2020-09-23,-0.003571037203742745,-0.003883767728752965,-0.003893948841989821,-0.01344556609714749
2020-09-24,-0.02976587157294439,-0.028706123926942054,-0.028713363238812583,-0.02959489572709421
2020-09-25,0.02404953917364292,0.02479336205179942,0.025094535344217413,0.024330443531878222
2020-09-28,0.014688933860016745,0.012046375292455587,0.011980502084992557,0.013309614313132651
2020-09-29,0.0007755284129564208,0.0021642595239425777,0.0027238649932464277,-0.008016939266539102
2020-09-30,0.0012154821327366636,0.00023495643898169304,0.0001087277347020881,0.006016776509266132
2020-10-01,0.01341874385378431,0.011856278177385712,0.011631908042731006,0.007557194703817686
2020-10-05,0.010383597861114058,0.011199872664561872,0.011158274250992008,0.012398717706353025
2020-10-06,0.00803374929946512,0.006449751100959278,0.006113014320859715,0.002403140389675772
2020-10-07,0.0069974665194629596,0.00672868853821648,0.006981272963704784,-0.001614375679346193
2020-10-08,0.010164431950868696,0.010348278277333178,0.010346529467175831,0.012102034978441858
2020-10-09,0.005265223870236599,0.004086298474312443,0.00427857909852226,-0.0047703078548248755
2020-10-12,0.0007564254243456472,-0.00027996673194073446,-0.0004324394149888659,0.004571658397364867
2020-10-13,0.0008077201308628549,0.0011333298306188064,0.0012430759453285285,-0.007385932156145104
2020-10-14,0.0017913545704433967,0.0020693698217090577,0.001999316498399245,-0.009649010127069306
2020-10-15,-0.02478231270665152,-0.02438518069392039,-0.024432323655437526,-0.010790337587246072
2020-10-16,0.0061946942370095185,0.007223610197205304,0.0074903518133832316,0.007541623680857714
2020-10-19,0.005310953902503532,0.0023975683839033103,0.002246983681424951,-0.00045936010043141684
2020-10-20,0.0031570087684536993,0.0020912295994723737,0.0015097735908301342,0.0021234002045490852
2020-10-21,0.0003237921348406588,-0.00014591839433167211,-0.0003320612837204367,0.0033744299071045477
2020-10-22,-0.0023424496810375895,-0.001320661303415175,-0.0014624862275743758,0.0008786823832023316
2020-10-23,0.0027107598857264484,0.0032411150721952677,0.003400994542549934,0.006564802951714151
2020-10-26,-0.0141746896791512,-0.014902159427090925,-0.01547168180904429,-0.0034291826014576426
2020-10-27,0.010531788721884037,0.01174412586086933,0.011603661667663976,0.0166717961168082
2020-10-28,-0.010160454758128748,-0.008314101616961517,-0.008252073889937445,-0.00649731575775366
2020-10-29,-0.003165683988209002,-0.001824327844960211,-0.0015504319688051812,-0.002853704902914969
2020-10-30,-0.0012283217839792913,-0.001989407585992712,-0.0020447151532436317,0.0015932468674135355
2020-11-02,-0.006467778555538838,-0.011741614886563974,-0.01163558725106473,-0.0043678739540023775
2020-11-03,0.008062997360688006,0.00767086058505922,0.0076088950118896855,0.011107369794624875
2020-11-04,0.01176033516172289,0.014011920222419205,0.013948434994283868,0.0058021341813792385
2020-11-05,0.019549472935663025,0.017434195036404913,0.017222984933456375,0.01613873390502453
2020-11-06,0.011148283727924974,0.01245846314269392,0.012873482493991149,-0.0020401357793369823
2020-11-09,0.016000922248196218,0.015548335160322483,0.015731016504651557,0.01080341001646893
2020-11-10,0.007877661223759111,0.004467747441872067,0.0045998457724807955,-0.015102445315574739
2020-11-11,0.005873012187670538,0.0052010243757654485,0.0054371066133852355,0.019889119772300606
2020-11-12,-0.004687554678210566,-0.0034169730408591956,-0.0032839952468795347,-0.001554960461068028
2020-11-13,0.0033794290033332722,0.005506579144438113,0.006267553320670146,0.006927240236336788
2020-11-17,0.01061221447782037,0.007041487090592901,0.006509601897452075,0.0010858281592071226
2020-11-18,0.003005767595501429,0.002092963082287864,0.0023095354769781863,-0.006170821466238894
2020-11-19,-0.011333166856520934,-0.010781192229911241,-0.010715240036233963,0.002849390655782115
2020-11-20,0.006980902902544252,0.00697013020801677,0.007556893610085148,0.007567172256266752
2020-11-23,0.010137592714531874,0.011764093416406371,0.011741294977794685,0.014788290905460083
2020-11-24,0.010945055841610464,0.00979225136544758,0.009760197902642301,0.006826064278723912
2020-11-25,-0.014714103732833725,-0.015547825696117406,-0.015598424640353912,-0.012221705468299548
2020-11-26,0.009641333351653824,0.00955918362821461,0.00922891051670359,0.009206252790759392
2020-11-27,-0.0025748940730708544,-0.0025852524148030714,-0.0023818644449224683,-0.004340189187310207
2020-12-01,0.00906444221621628,0.009007334563548065,0.009464478432586654,0.004343035659220334
2020-12-02,0.0021792937786730073,0.00207528740553036,0.0021614732828058427,0.009889971769376293
2020-12-03,0.0031039499193645757,0.0016602302976342063,0.0014548635558835686,0.007708142196466107
2020-12-04,0.010217988971631333,0.009178655060590823,0.009237505905873362,0.008820357718811138
2020-12-07,0.005599161919139251,0.004440570976952898,0.004336705140478231,0.00950420636788718
2020-12-08,0.0038960510543662626,0.005511419367372385,0.005462367394379162,-0.004084947440418124
2020-12-09,0.010070920816366877,0.010275082142681281,0.01024007438066862,0.007600801938700616
2020-12-10,-0.0024774376759376707,-0.0037802313108064927,-0.004038104322340551,0.005461769690457612
2020-12-11,0.002140549086196902,0.00028239608237800397,9.223462948440632e-05,0.0015719589872772355
2020-12-14,0.0028524540880346793,0.0026683609193035923,0.00294985397122777,0.008989218418675745
2020-12-15,-0.0004195529181793839,-0.0005311155248513464,-0.0005072670824818393,-0.006707532638513193
2020-12-16,0.007795346862090879,0.008198100525292431,0.008214154722151984,0.01252104238235015
2020-12-17,0.002929531004569065,0.0036948875651046445,0.0036813704698839926,0.0009031055575162673
2020-12-18,0.0009754500083354122,0.002556953649209847,0.002617943198114032,0.0070889108814498935
2020-12-21,-0.030088773617266182,-0.027321786748075068,-0.02727400769971252,-0.030228937553265115
2020-12-22,0.011112459060343569,0.012093392169953221,0.012255604091417741,0.018720606638422937
2020-12-23,0.010962076444447043,0.01085636697367437,0.0107704083807884,0.012810560209114604
2020-12-24,0.0100784326910945,0.009023122489683772,0.008865607289700986,0.00345566968883527
2020-12-28,0.00804374599938484,0.008766656719876243,0.008953176016568231,0.004382126674905465
2020-12-29,0.0020936101741359427,0.001956305536044595,0.0021163225590667104,-0.0037637309036089757
2020-12-30,0.0038908290919854975,0.004356828791040876,0.004400219435986338,0.0022332684694157043
2020-12-31,-0.002401828334195647,-0.001755215667179557,-0.0015763156761222387,-0.0007509134658570599
2021-01-01,0.0036038746679071987,0.0028402716986597903,0.002553557176087689,0.00538240296237602
2021-01-04,0.008797412726076743,0.009349446442633275,0.009312627287165306,0.008627861434068877
2021-01-05,0.002710772747625386,0.0019337175531675753,0.0018452741095015244,0.0033342059567319604
2021-01-06,-0.0050157184641512415,-0.004460707065493859,-0.0041984472915132355,0.0028087631583890616
2021-01-07,-0.0009549514931279983,-0.001889229083731051,-0.001737203271022932,-0.0043125380458564015
2021-01-08,0.016329388707107886,0.017444614542105066,0.017597813999006666,0.020784817205126434
2021-01-11,0.006042193299209139,0.006774899993644426,0.006785351495010502,0.00969410321674652
2021-01-12,0.005901197143245267,0.0070248090745538136,0.007491153609494316,-0.002227423940100574
2021-01-13,0.001172411202558721,0.0007540963657114142,0.0008526110229719606,-0.0015921891840498534
2021-01-14,0.0034670874512043857,0.0028069961644673555,0.0024974557959856524,0.006436086571025882
2021-01-15,-0.010631098799948339,-0.010299987982438103,-0.010205215812440676,-0.01334280381666557
2021-01-18,-0.00849754008391757,-0.007757213664952355,-0.007811229781858961,-0.01666241957510521
2021-01-19,0.01572073858371466,0.015217009105639211,0.015214822039713074,0.01203736497258439
2021-01-20,0.00879692965461488,0.007926836917737157,0.007661371329939441,0.0014557995560139441
2021-01-21,-0.0034466479998664502,-0.001812548908826084,-0.0016325449923383624,-0.006654363962349634
2021-01-22,-0.013480584887461563,-0.010980741323369073,-0.011037055108423812,-0.005989431481080582
2021-01-25,-0.009997143716459427,-0.007322568444213431,-0.006970335909729411,-0.0052233917377429015
2021-01-27,-0.016841425419908525,-0.01673303569366976,-0.016665050840346907,-0.007243209997171511
2021-01-28,-0.011809779450338275,-0.012462048116609295,-0.012224379863195673,-0.014508478378033712
2021-01-29,-0.014525170576708735,-0.016487187650397143,-0.01635225949247286,-0.02080539371058776
2021-02-01,0.0408053651636933,0.036621273790792726,0.03658278284017798,0.011257909503819427
2021-02-02,0.02425326858008648,0.023719956489134303,0.023679141518578466,0.016908566752340422
2021-02-03,0.008308589568142604,0.008819198317561618,0.00896055010073488,0.021465077772731492
2021-02-04,0.007299374664576452,0.005609228322541254,0.005532642552864223,0.0032431096929709468
2021-02-05,0.0029463588206923466,0.006009905488889185,0.005763412645849009,0.006011169135998048
2021-02-08,0.01225990756561385,0.010927984150709284,0.011007412614778606,0.00846021432509251
2021-02-09,-0.0013329444595675433,-0.0013719966464038006,-0.0012568409431298415,-0.0033958743983329245
2021-02-10,-7.09444666347257e-05,0.0006834643517693862,0.000585665536326855,0.0009155502850712652
2021-02-11,0.006651960450575062,0.005733524963861212,0.005529477084486713,0.0023062106126229376
2021-02-12,-0.0025317119493491027,-0.002699723753725605,-0.002718579434847424,-0.010518315183575778
2021-02-15,0.007032677800959841,0.004643230573155173,0.004539350357771424,-0.004364862965267677
2021-02-16,0.000805376253162728,0.0014008220332554864,0.001494390448780663,0.0072429007542289675
2021-02-17,-0.0063677169848906385,-0.008073415332157833,-0.008022171341292081,-0.009005356090134586
2021-02-18,-0.004745869602246529,-0.00628746076409775,-0.006217624436390466,0.005236990883062721
2021-02-19,-0.008298743988478312,-0.007825081385748972,-0.007848429518691448,-0.008633084497704549
2021-02-22,-0.018522830788311396,-0.016829163888211932,-0.016742481946080478,-0.022698410846596538
2021-02-23,0.0019524186261681816,0.0007538239908083965,0.0008801309023293504,0.002205715026006817
2021-02-24,0.016538087150301722,0.015143336464203974,0.015213180672279834,0.0027055323543372202
2021-02-25,0.010252669838703236,0.007971486915447358,0.007940466924737304,0.01315127935431077
2021-02-26,-0.035580430029457495,-0.035107701558526945,-0.03516964617929852,-0.030027347367193584
2021-03-01,0.014047428785066757,0.014906741946031915,0.015096959015677942,0.01907499923772816
2021-03-02,0.01295744286491111,0.01490662319541876,0.014990989926627236,0.01233015914383109
2021-03-03,0.020730316517035115,0.02043110239095481,0.020542341871087357,0.008562519700029535
2021-03-04,-0.008467473731082444,-0.007667713505320525,-0.00774676960036873,-0.0025982161884244115
2021-03-05,-0.008501237429729358,-0.008898178441471036,-0.009059311457397573,-0.008834732020339077
2021-03-08,0.0006710369761094953,0.0007009758712039982,0.0008573727679887246,0.0023782419486348756
2021-03-09,0.007960460521289937,0.008110797641011558,0.008190755691587398,-0.0011153080574958568
2021-03-10,0.0049908617337223815,0.007029486139910805,0.007236238451578307,0.0073260654656766115
2021-03-12,-0.009115745378363363,-0.008488816284586333,-0.00831372069001712,-0.0051000985578083125
2021-03-15,-0.005575262579336472,-0.0053283804444422865,-0.005155347197279843,0.0019851347965348706
2021-03-16,0.0009322195414578182,0.0011609455955865263,0.0009694480735202805,0.005591774934626585
2021-03-17,-0.014035995124773533,-0.012633454277476011,-0.012591696259570358,-0.014118332274433777
2021-03-18,-0.011963221821099443,-0.012275524993150856,-0.012077858460618063,-0.009567572419168505
2021-03-19,0.013933288169543957,0.01360395868193106,0.013613984613534327,0.015713343682466272
2021-03-22,0.0014362213005643745,0.0029554421898577306,0.0028639240572837905,0.00684907468365054
2021-03-23,0.006347815383880376,0.006322439917316305,0.006163857187840499,-0.002040647230895191
2021-03-24,-0.016191175633459003,-0.014436648814111159,-0.014336339271027418,-0.004080469691090067
2021-03-25,-0.01850387056164513,-0.017135370944272206,-0.016787052387877942,-0.01867177054846978
2021-03-26,0.012305272667877612,0.012436423025531142,0.012480808045004205,0.009722417122433352
2021-03-30,0.0229128642868291,0.025517454114211833,0.025925662308291752,0.03006128426757238
2021-03-31,-0.007731639099572547,-0.007620379308316592,-0.007744554494282305,-0.0039944840838769535
2021-04-01,0.010561125772160014,0.012672801296949587,0.012533475731412676,0.008987482094062079
2021-04-05,-0.011822184919679075,-0.011604040652852218,-0.011614391038144099,-0.005176469256629439
2021-04-06,0.003953844941231606,0.006133882176018522,0.006189796637885098,0.019391032910892846
2021-04-07,0.009015410020639283,0.008620677957729467,0.008579758596964257,0.005486969518175758
2021-04-08,0.004306212749166009,0.0032499546075019604,0.003131726299935499,0.006113120825632835
2021-04-09,-0.002287856647795932,-0.002520035060191059,-0.0023629861094190832,0.004313154415033277
2021-04-12,-0.03481263254486259,-0.039569150602409946,-0.03952314665618491,-0.02399768225455144
2021-04-13,0.008143675807558077,0.008202664914100748,0.00830030877675149,-0.007943160667198053
2021-04-15,0.007139851463158974,0.008036746950312286,0.007723677226966257,0.007268779808913484
2021-04-16,0.002730953612822105,0.00785472640716206,0.008013660706811932,0.011624110980928564
2021-04-19,-0.016742445476179268,-0.017345207651824568,-0.017253501779606488,-0.014113219777370768
2021-04-20,-0.0028907199049585846,-0.0031630952742055206,-0.003406703094554518,0.0004696809719773032
2021-04-22,0.005135567764892011,0.006195532485992947,0.006334569153090273,0.0022801414449506504
2021-04-23,-0.005457709951906951,-0.0067061917523627244,-0.006684775274057782,-0.006689875506899822
2021-04-26,0.00933678858890215,0.006479165940110287,0.00613272896724671,0.0019613437322323936
2021-04-27,0.013395202659473367,0.016830165757964623,0.016849992132687744,0.008677972542230867
2021-04-28,0.01314310686578985,0.011518282581768053,0.011441578421837127,0.0021720790000890797
2021-04-29,0.0050963957790335105,0.0034309945031168903,0.0034226710237645784,-0.0014948987144640003
2021-04-30,-0.015680405974318083,-0.014720835108029597,-0.014711970096155933,-0.00915805103576167
2021-05-03,0.0013901478768156646,0.0021115830287828496,0.002121593743415798,0.002536982331537918
2021-05-04,-0.007729171887852404,-0.006962137340396699,-0.007010244696020787,-0.006445813350385305
2021-05-05,0.008092305050349463,0.003954536852757276,0.0038044495061019547,0.005476152432260579
2021-05-06,0.00564048341915188,0.006977021483745398,0.006855982408477934,0.002328584020299204
2021-05-07,0.006578228258009195,0.0066251654132371265,0.006605893857123563,0.0043380586170948705
2021-05-10,0.006709960458815983,0.005462938017975491,0.005452678495631878,0.0023027090728213163
2021-05-11,-0.0047802442993452425,-0.005784341828488977,-0.005780539832800654,-0.0015876771027176586
2021-05-12,-0.010952807709266245,-0.010511728804572957,-0.010344968727700979,-0.00591800811185465
2021-05-14,-0.0012870039775299573,-0.0031210530199380603,-0.0031797193573558165,0.01339539195902155
2021-05-17,0.014787385892376647,0.017058771382366226,0.017202661058504227,0.002283511146767782
2021-05-18,0.012255433688776254,0.016420933962899276,0.01645641384974301,0.005375581206988213
2021-05-19,-0.0037975256188919437,-0.004008303572333355,-0.0039004433945763477,0.0001472594991373178
2021-05-20,-0.008523883037761202,-0.007926132926867242,-0.007978835308435583,-0.010636665948933156
2021-05-21,0.016076483892097246,0.014934438774152103,0.014966910545997004,0.00710624461036866
2021-05-24,8.219476241098158e-05,-9.641537440538073e-05,-2.0255314381381444e-05,-0.003439691476660348
2021-05-25,0.0019900570165197417,0.001335691188550915,0.0012139137200049028,0.007970100586830918
2021-05-26,0.005654364198745224,0.006500142184074794,0.006336622460938987,0.0007957463717417905
2021-05-27,0.0033057193595270734,0.004152485166669583,0.004176040540488371,0.002570326279573696
2021-05-28,0.006425329115136043,0.008904236144254738,0.008904702516004847,0.0012382250488469678
2021-05-31,0.011349569364895066,0.007525680812764866,0.007386910125572027,0.011024159990820664
2021-06-01,0.00020841638580860339,-0.00043798322207786995,-0.00042045863549370206,-0.0011519926777588528
2021-06-02,0.0006431853365025771,0.00134927339773792,0.0014100849301507887,-0.0010728359969179061
2021-06-03,0.007514002929288904,0.007315656017791744,0.007258867007353275,0.005044001014754087
2021-06-04,-0.002232962066303392,-0.0009906044633871973,-0.0010427642184463542,-0.004922937442191883
2021-06-07,0.006081379412285662,0.00582816932724997,0.005962804797229618,0.009739324340224703
2021-06-08,-0.0002590335400663638,-0.00030963806379168026,-0.0002969810197889478,0.005877410323515646
2021-06-09,-0.006775290681667904,-0.00698240082918713,-0.00690650344746153,-0.0011915695059416588
2021-06-10,0.008550928877656612,0.009664296654115737,0.009577711638442331,0.005115017875276544
2021-06-11,0.005354922347161884,0.0076412085854153785,0.007681443426937885,0.00553149824106016
2021-06-14,0.0012304373679217244,0.0005320174144690052,0.0004695471846015039,0.004140550908236087
2021-06-15,0.0024908676664708116,0.002128878154014189,0.002173598847980201,0.003196250972143083
2021-06-16,-0.006810034910745438,-0.009119488489007468,-0.009176841567226715,-0.0006459127989368472
2021-06-17,-0.0036705302386204476,-0.003671197623824636,-0.0037742386418629574,-0.0006959072955196536
2021-06-18,0.00012047274092697027,0.0022960330003762423,0.0023480767253647576,-0.0022612758524825824
2021-06-21,0.004362714044959019,0.005256883550001911,0.005403510865726475,0.004473552859975023
2021-06-22,0.0007525924728406386,0.00037560674228510633,0.00037844416630150666,-0.0007036401352022758
2021-06-23,-0.00522757000513821,-0.006324224694913779,-0.006240883378218297,-0.00337031322098562
2021-06-24,0.006886355280433914,0.009126068864100072,0.009135416938862636,0.00765903319682881
2021-06-25,0.002300881619462218,0.00316440328798703,0.0032340243986117034,-0.0027683913000145933
2021-06-28,-0.003275191539806143,-0.0019832656931031375,-0.0018970302208455331,-0.0007880854125965501
2021-06-29,-0.002967804671664547,-0.0023678666368900335,-0.002275958825980558,0.002837740776660156
2021-06-30,-0.0008829282410966053,-0.001481222977019767,-0.0015220915443219093,-0.002263423647100866
2021-07-01,-0.0024479509607688446,-0.00284310671695069,-0.0028431037404764705,-0.0013362192410276091
2021-07-02,0.001934498149232102,0.0011212167709119636,0.001069851660886983,-0.0026826702483886172
2021-07-05,0.0067082578499924545,0.0071917048683712015,0.0071309565151436586,0.00242367925721728
2021-07-06,-0.0010277797836199685,-0.0013752698278070674,-0.0013877909172130367,-0.0038018883353406873
2021-07-07,0.0032282583992586135,0.005725456321201846,0.005763079665285516,0.004820010538586425
2021-07-08,-0.009539504416454734,-0.011115346980858516,-0.011087130052197927,-0.00960963887611931
2021-07-09,-0.0018638727543885223,-0.0006531797756655172,-0.0006657939261301751,-0.0019589302847334107
2021-07-12,0.00039000735623499343,0.0010241790968766895,0.0011387908825942858,-0.00021319618990237963
2021-07-13,0.004684072980866963,0.004636285143924032,0.004695976478426705,0.0018265121507369832
2021-07-14,0.0030702758531327137,0.004950500800887192,0.00485909120392129,-0.000282849134177849
2021-07-15,0.003717724985961338,0.0060935143168153235,0.00610532010018699,0.0022442713022266555
2021-07-16,0.0012451628825007998,0.0003257910672699202,0.00024939434895943747,0.002430758283576462
2021-07-19,-0.009435851209623857,-0.009446137878498082,-0.009370409985175635,-0.0038459508451508264
2021-07-20,-0.005880485143147559,-0.006573410104106038,-0.006553792556271059,-0.0018631986808529239
2021-07-22,0.01192535784616198,0.013474395830990015,0.013398193377094404,0.0033518486834311283
2021-07-23,0.001751099271281391,0.0029622925804136456,0.003049890140425543,0.0022217730020811406
2021-07-26,-0.0024722939230559203,-0.003783734604769184,-0.0038284900394800364,-0.002135842634457309
2021-07-27,-0.004043426400925089,-0.0018380894987268164,-0.001830855044739652,-0.013053846803781861
2021-07-28,-0.0010713871940243314,-0.00147722323110088,-0.0016250389349580221,-0.004162886160348812
2021-07-29,0.005541003172598032,0.009640312099994604,0.009607742952979705,-0.0049949546538896735
2021-07-30,-0.0027048852279491394,-0.0027073401654787166,-0.0025671961730888045,-0.00060827113039825
2021-08-02,0.008227079197938438,0.009043216098721987,0.008985776263942754,0.010636851289966184
2021-08-03,0.015018081737519643,0.01451411279804661,0.014528583471530961,0.016877547051140966
2021-08-04,0.003769179353901319,0.004056483916226094,0.004052108304564983,-0.0017007840579199031
2021-08-05,0.003233957467247311,0.000802640128802118,0.0007240798344877433,0.004024042720407185
2021-08-06,-0.0026845723366806648,-0.002562715089176156,-0.002545361775368378,-0.0005838439078140286
2021-08-09,0.0011057597832826985,0.0008853446533983797,0.0009448183065467949,0.0047099507893310095
2021-08-10,0.0007313851888430987,-0.0026249540612659295,-0.0026653010180082916,-0.003283094261934066
2021-08-11,0.0017262189567560109,0.003638269160884149,0.0036843552355972104,0.0009500795910506219
2021-08-12,0.004087420483741442,0.003929973447768348,0.00399981986620208,0.0044491159931240405
2021-08-13,0.010645119577420592,0.010678904762952603,0.010616763651060897,0.0046905040846366795
2021-08-16,0.0026204892372589895,0.0030072082932545807,0.0030270749334381625,0.004703971130308899
2021-08-17,0.0043455719162528664,0.004477079992792194,0.0045045337297079865,0.01139548187836158
2021-08-18,-0.0006135631921485327,-0.00028668525579916463,-0.0002307588042632947,0.0013056128731328814
2021-08-20,-0.006127538263318538,-0.0062412670214610005,-0.006003719558021692,0.015325667259062366
2021-08-23,0.0054062923927242585,0.0026806644091758964,0.002639515967597285,-0.0003209948878446928
2021-08-24,0.009140935841079494,0.008362896170221,0.008395406375578337,-0.0010456135732910756
2021-08-25,0.0005417692612850442,0.000989125777670387,0.0010146784521610453,0.002979264533884426
2021-08-26,-0.0004616138974508729,-0.0005254439223838516,-0.0005159445964026167,0.004394025762763138
2021-08-27,0.004894673134128744,0.004252919916534931,0.004184666713449327,0.0042701225473884
2021-08-30,0.013574120942898366,0.012440307263996643,0.012418337384268638,0.0064007873217809
2021-08-31,0.013894831792918358,0.012341676975610128,0.01236359656384687,0.007996732904204697
2021-09-01,-0.002877751539386972,-0.00399789170802889,-0.003916316796749146,-0.0011680908430795468
2021-09-02,0.01024286904889649,0.010034099482609624,0.009954882929339975,0.013754981709766618
2021-09-03,0.006589972203602066,0.006517872017483542,0.006509243127493712,0.003957887076038819
2021-09-06,0.0033638590491373577,0.0046357316784394285,0.004646119456722645,0.001246549302406978
2021-09-07,-0.0021261585466696314,-0.0027652409417088797,-0.0027633188089844873,0.00020913682276524657
2021-09-08,-0.0009267838308059922,-0.0011061729911819793,-0.0010455459459707812,-0.001955817465220003
2021-09-09,0.0022089419865642048,0.0018874834102090537,0.0018555304624245212,0.0049712323160681785
2021-09-13,-0.00034261973532261086,-0.0004321802744665388,-0.0004982037736397406,0.0009878807424851834
2021-09-14,0.002037445219889441,0.0012376574215703217,0.0012622692714246036,-0.0004692511321908069
2021-09-15,0.009270029904234329,0.008463732994709983,0.00848864948981043,0.004063218616581559
2021-09-16,0.004939221162300095,0.005099780403076627,0.005131274801252668,0.0029721188504882585
2021-09-17,-0.004186238710648821,-0.006318934817434175,-0.006325386516299001,-0.004855776553787141
2021-09-20,-0.007389990665970542,-0.011353512033788808,-0.01129965823864416,-0.0012523503823357522
2021-09-21,0.009579946778931238,0.009777842795307346,0.009681674802217936,0.006646848632805568
2021-09-22,0.00015659283920779394,-0.00014158557332157563,-0.00017892386076905574,-0.0013724856824631488
2021-09-23,0.013800513154437687,0.014493306372563611,0.014601638155444512,0.005170163913446856
2021-09-24,0.0009680465047432737,-0.0007333001949582023,-0.000677616525473605,-0.0006298265663174842
2021-09-27,-0.0005343459281893551,-0.0013374540124645032,-0.0013596953467407073,-0.004092175670379796
2021-09-28,-0.005781627814768704,-0.0035441659897851316,-0.0034654617536970956,0.0005198361840586674
2021-09-29,-0.00036394460543986474,0.0024704381374961223,0.00232171359866168,0.0019814611098471296
2021-09-30,-0.0044327080014915626,-0.0051520458605646136,-0.0051953895126625824,-0.005537361360871648
2021-10-01,-0.004926846892155234,-0.005506728401674068,-0.005432779364778952,-0.0012998775086551107
2021-10-04,0.009808576728102565,0.012398114415036257,0.012367625097411442,0.0010066775618212378
2021-10-05,0.009105942968504512,0.005929505884639754,0.005845301444573967,0.0012706003116571773
2021-10-06,-0.01056795655071697,-0.010767964555208369,-0.010706373719078701,-0.005510563138382019
2021-10-07,0.00848997198311989,0.006572462097424707,0.00623091023877634,-0.0014054123007325309
2021-10-08,0.006932914551449819,0.007563004608734919,0.007594409695230727,-0.0001938631581366994
2021-10-11,-0.0011709434090120658,-0.003387529543035427,-0.0032166648723785324,0.0008797918661901053
2021-10-12,0.0029118742472198913,0.003962479729115367,0.003904078266073436,0.005325877066871826
2021-10-13,0.006710376905798295,0.007509765461003206,0.007541445731809222,0.0060210800054569195
2021-10-14,0.008899329369233168,0.012299068363559814,0.012440672534513196,0.008486197612508921
2021-10-18,0.005572023196283384,0.008095106268846965,0.008060556510888496,0.0009195638359944734
2021-10-19,-0.004599521233023195,-0.0038434153842233343,-0.0036485494112838803,-0.012087391895476727
2021-10-20,-0.007725326310156672,-0.008762884121293491,-0.00888948590530179,-0.011796212294565794
2021-10-21,-0.008254549566420756,-0.010385988507556522,-0.010350433268839316,-0.008847637317623586
2021-10-22,-0.004770977801428763,-0.00488278485176572,-0.004833421639017726,-0.006905769268651305
2021-10-25,-0.002326627861452959,-0.0012467317486470017,-0.0014054695997405323,-0.009191404571404141
2021-10-26,0.008741981430987844,0.008986585922794357,0.00888044785654133,0.00957726115365882
2021-10-27,-0.00432875336851159,-0.0033436228805713104,-0.0032805367292944062,-0.0019657465444191807
2021-10-28,-0.019306753373504574,-0.016397678504708836,-0.016172794031130665,-0.011655905320873685
2021-10-29,-0.009204797645548424,-0.007790823736371494,-0.007868343682536316,-0.0023378967262320475
2021-11-01,0.014964729159458597,0.01515157164722145,0.015161718661186844,0.00995464920160866
2021-11-02,-0.002488624369766404,-0.003740816612952324,-0.003757520932339296,-0.0033340720437662896
2021-11-03,-0.0032149175475534655,0.00018532796035504738,0.00020693779565057583,-0.002516359842930356
2021-11-04,0.0050176347723188824,0.0049082070817619925,0.004953293443632645,0.004024583236698828
2021-11-08,0.006620231605973223,0.008695618753518902,0.008519202234007464,0.014311801253694053
2021-11-09,-0.001172879117685685,-0.0026081449095996133,-0.0025886633367250313,-0.0071585588018773716
2021-11-10,-0.0017486880242296244,-0.0031638455793297766,-0.0032404654720495293,0.003471335386202101
2021-11-11,-0.007230269497434145,-0.008022276072599402,-0.008062595918160383,-0.009238195046123087
2021-11-12,0.011847842952387881,0.011926597010359176,0.011822550818301716,0.01182927936571721
2021-11-15,0.0004493029396720227,-0.0011305262104823201,-0.0011321616210718914,0.00904810253438264
2021-11-16,-0.006046258856484308,-0.0071010781912332795,-0.0070470760451301915,-0.008435829961834295
2021-11-17,-0.006027017406803716,-0.0056594267019056555,-0.005695851818473981,-0.009193700578605746
2021-11-18,-0.0070616391636127,-0.00808947547316654,-0.008052465498231968,-0.008121630896732401
2021-11-22,-0.018967617019194815,-0.018465860953762007,-0.018463244825690915,-0.007259494450955219
2021-11-23,0.0059339382536674305,0.006820801786142224,0.0067595080680025905,0.012589254342330686
2021-11-24,-0.003912973908230124,-0.004248646452047314,-0.004229930828659362,-0.008009519736550274
2021-11-25,0.008346590767696206,0.005664216466632962,0.005570353133054344,0.0006641620024162539
2021-11-26,-0.026503522654543255,-0.025321072030075532,-0.025264833712797977,-0.007316111609636553
2021-11-29,0.003548780870948748,0.004277330696256286,0.004301386873549695,-0.0022358527740926294
2021-11-30,-0.003321858301801042,-0.0019702401141937966,-0.0019847936064730847,0.0034102211414380698
2021-12-01,0.010851975913331592,0.010724812938278797,0.010740366388239537,0.0021237778850146725
2021-12-02,0.012897379439780941,0.01364710035743694,0.013623153142818086,0.011249822455307918
2021-12-03,-0.01217391602428105,-0.011899324136725778,-0.011987266735251044,-0.009426894969199181
2021-12-06,-0.018739730924435392,-0.019115582899912355,-0.019133728950523062,-0.018150966224190625
2021-12-07,0.014603055803101013,0.014616394059624265,0.014459087688816171,0.006999358649538509
2021-12-08,0.0176417379325,0.018879313546601686,0.01889106947513574,0.017204243701895997
2021-12-09,0.0020749635212932026,0.0020215138562619897,0.0020767666109053396,0.0018980888910177984
2021-12-10,0.0010923526536695388,0.002159076142866204,0.0022002013532821745,0.0012817121739637303
2021-12-13,-0.00866576143314749,-0.008872596171907814,-0.008906695546785741,-0.009431715085065313
2021-12-14,-0.0022245722914044034,-0.001923331125897793,-0.0019381874436864167,0.0019937238867687936
2021-12-15,-0.006814565672021056,-0.007126821571761635,-0.006999847267804549,-0.006027843892665223
2021-12-16,0.002930417094791325,0.003418093612595608,0.0033100690567121607,0.002071189481244328
2021-12-17,-0.01442397906759428,-0.013811554610065493,-0.014009291480315078,-0.014558987065619063
2021-12-20,-0.020024285711921292,-0.021465660128680168,-0.02136962881248587,-0.012846537408430551
2021-12-21,0.01110565463677364,0.012704258896329318,0.012816108947067665,0.008466707952771713
2021-12-22,0.011837213274447972,0.011683261056999834,0.011613534449117453,0.006438257724896663
2021-12-23,0.006036675673979977,0.00670866239060606,0.006647807088130157,0.008956200319154783
2021-12-24,-0.0030636258836708036,-0.003340876072877102,-0.0033101060937064924,-0.005253212734924561
2021-12-27,0.003920615269432257,0.0038691402772675814,0.0039022659097931035,0.0023268846937413274
2021-12-28,0.008747794560195333,0.009491265120674183,0.009545125944453208,0.007848349217587512
2021-12-29,-0.0009712378543888878,-0.0012072190998757154,-0.0011138625417016657,0.0004799320043547591
2021-12-30,0.00018409724221976826,8.363424329069322e-05,6.968316616700243e-05,0.0030951573819825717
2021-12-31,0.008974365461461077,0.008521327440040648,0.008444574927233661,0.008006293355118667
2022-01-03,0.015512985839705428,0.015141748884841839,0.01506738574381453,0.005352151523195002
2022-01-04,0.011644733281727354,0.014326864099122873,0.014400304022430045,0.009525353261312325
2022-01-05,0.008340948770602093,0.007889673343233193,0.007828126851078672,0.005086269639590493
2022-01-06,-0.009445304993594023,-0.010303923828849091,-0.01032584702686178,-0.007564180243925177
2022-01-07,0.0048765939026692556,0.005739799800383475,0.00580706559795489,0.00856672937991137
2022-01-10,0.007367144531936632,0.007054995659071911,0.006962972045824073,0.003945042497647138
2022-01-11,0.0027056552172578553,0.0025560866120238317,0.0025936606523006746,0.0005765415919312422
2022-01-12,0.007317695469496076,0.008143911288299052,0.008121176639504306,0.0020014873619585145
2022-01-13,0.0013312642289532387,0.0013039225157795219,0.001230714329139457,0.00634309827514864
2022-01-14,0.00022442542765810017,0.0004367572543027044,0.00034723095934191496,-0.004318406876517407
2022-01-17,0.0035980237495523326,0.006653862560605703,0.006594723778950076,0.0019165756433317499
2022-01-18,-0.010783522178963417,-0.011692728347153729,-0.01168129130286933,-0.011065712420076998
2022-01-19,-0.009454182479024846,-0.008732096146910706,-0.008648239736805468,-0.014306442946461745
2022-01-20,-0.009845257942469977,-0.009365391856715833,-0.009294127055112102,-0.004391998253462368
2022-01-21,-0.007840997304321973,-0.010613669460735902,-0.010522140398633965,-0.004763336285735793
2022-01-24,-0.027281149186341985,-0.028207203907287492,-0.028186106733109475,-0.018643709180203718
2022-01-25,0.0078108586603648925,0.0061376247119546735,0.006144221557431996,0.01094038402418851
2022-01-27,-0.010822525403077366,-0.01292052382542886,-0.012991885037612233,-0.01115331913130672
2022-01-28,-0.00016537058437546612,-0.00016250196958180857,-0.00025159078713024303,0.0003579568468980828
2022-01-31,0.014829878693321953,0.018454620351374226,0.018514751887669545,0.014320912608522182
2022-02-01,0.012841255304084722,0.014433689882908109,0.014299770781821286,0.010623398596266428
2022-02-02,0.011660541396114141,0.010829136671390358,0.01074823364002783,0.002878958019071758
2022-02-03,-0.0103199597585978,-0.011362040836545989,-0.011336228756124144,-0.011275899593355058
2022-02-04,-0.0016408573208625443,-0.0014140990299760746,-0.0015474457452222896,0.00022191220762216986
2022-02-07,-0.015384453098013407,-0.015150102880793244,-0.015108636687428702,-0.01686348065951557
2022-02-08,0.003786843351803548,0.004115773702336619,0.004126866381662322,0.0039767667558277065
2022-02-09,0.011505856992369409,0.010975058850012145,0.010965890613199856,0.01017005415191185
2022-02-10,0.006704345127594729,0.007499015538613177,0.007500144599309702,0.006043562449273533
2022-02-11,-0.012659354114735698,-0.01457942080066941,-0.014579183865784407,-0.015186220688723103
2022-02-14,-0.025299701394400232,-0.025898587641030864,-0.02598737470315712,-0.018818877586900193
2022-02-15,0.030377247901493747,0.031704835385172325,0.031796181549249646,0.017019526576788294
2022-02-16,-0.0016826841610740675,-0.0029188427549557685,-0.0029938795493632112,0.002284751222934939
2022-02-17,-0.0020345872301061737,-0.001360566498846697,-0.00133011944511174,-0.0019574202545765713
2022-02-18,-0.0024464546440698875,-0.002877852441940332,-0.0027524780682525456,-0.005421199489147554
2022-02-21,-0.005331298409501771,-0.0056101764592116285,-0.005626003526300674,-0.0007715550159673892
2022-02-22,-0.008628798571796251,-0.007469689453670169,-0.007568601682692233,-0.0031923233504094098
2022-02-23,-0.0016231126547750759,-0.002344052659462379,-0.0024443828621463566,-0.0015962995780489531
2022-02-24,-0.04774020575787075,-0.04773707374328642,-0.04786112813532228,-0.03260117066734604
2022-02-25,0.02555505750756159,0.024459211722686006,0.024277391365305608,0.013318162464026034
2022-02-28,0.00986152019620327,0.013286591577260995,0.013188449870049681,0.007222959815172475
2022-03-02,-0.009468855222559457,-0.010791226100071532,-0.010730230473009531,-0.007938411149918206
2022-03-03,-0.00625310710451122,-0.006359099313221023,-0.006342596300377985,-0.0037352665016461423
2022-03-04,-0.015434422805170054,-0.016089447571516383,-0.016247590407826612,-0.010988012815240842
2022-03-07,-0.021352410893536785,-0.01603488293144506,-0.016022110910457698,-0.004083102073768943
2022-03-08,0.00896002996515026,0.00872841954658036,0.008671431799386585,0.004986397908756448
2022-03-09,0.021766075050008327,0.02025957689747017,0.020152396323029786,0.005820430991339861
2022-03-10,0.014598170288113633,0.01500990120130942,0.015096385049178361,0.016177496352333676
2022-03-11,0.0022469462439080267,0.002396895709338546,0.002412108465984604,0.006250751144741374
2022-03-14,0.012631361170529529,0.011883703992377523,0.011808377757248615,0.004937231926617482
2022-03-15,-0.01223293279315333,-0.01128681912167964,-0.011219711878378813,-0.001932398386745818
2022-03-16,0.017853338335608978,0.01736292938578272,0.017273309439831245,0.012727693305500014
2022-03-17,0.017181867493750728,0.017048468360817182,0.01717701875751622,0.010931305759569446
2022-03-21,-0.010072759548701023,-0.00986624816515763,-0.009881135166635248,-0.012158471631285141
2022-03-22,0.0113244103546425,0.011799526454161196,0.011752608623838846,-0.005425063472981173
2022-03-23,-0.0026772414677609766,-0.003280483178537284,-0.0032924202233618727,-0.007951387393506799
2022-03-24,0.0005778651296654358,0.0014501149002666542,0.0013348272061614317,0.005380018761468354
2022-03-25,-0.004320279189801224,-0.005801843137009649,-0.005828257694832879,-0.009828059450269409
2022-03-28,0.005520356793855472,0.00603775594921442,0.006087813016502617,4.169128870510908e-05
2022-03-29,0.004753124276081996,0.00399297392206651,0.0039578068720358016,0.004390311767475729
2022-03-30,0.008679761237352365,0.006044666476170232,0.00599180472269978,0.004999632193687241
2022-03-31,-0.0018588125855162059,-0.0003139718906150412,-0.0002631659002479573,0.0021755123265803237
2022-04-01,0.011201837898658758,0.009953650517087997,0.009943268201901806,0.009487188410139439
2022-04-04,0.01744975078919138,0.014529434333855411,0.014581885501119862,0.01028960538796371
2022-04-05,-0.003524004581265751,-0.002217657029411688,-0.0021902354374631803,0.005988240938755011
2022-04-06,-0.0061786782677608985,-0.0045492042296215885,-0.004620876521051538,0.0021976473455278555
2022-04-07,-0.009994901241549935,-0.009718201708012887,-0.009551418853735621,-0.005079585971091679
2022-04-08,0.008286025375984519,0.006361440566092304,0.006372655799379567,0.0029532191265692668
2022-04-11,-0.0049162116947442285,-0.005959898702859336,-0.005853630821195921,-0.0015633006481658419
2022-04-12,-0.008929089109611857,-0.009599690010334304,-0.009623544737273112,-0.0035368614849606386
2022-04-13,-0.0026777269524167354,-0.0022555703453894503,-0.00224183809921293,-0.0009087332778340346
2022-04-18,-0.014816630832038241,-0.01328045506799774,-0.013260229585872254,-0.0014719357562482914
2022-04-19,-0.009140146653319177,-0.008701688661495049,-0.008694443883109236,-0.02033780754720402
2022-04-20,0.011131252954113309,0.009685365350373449,0.009599819617298123,0.010762432663404034
2022-04-21,0.014808948247440012,0.01426276355333713,0.014318099104564384,0.004261713999654883
2022-04-22,-0.01120525101259034,-0.01240594275593332,-0.012411738352954624,-0.010648416230582037
2022-04-25,-0.01366713969513648,-0.01436009592868689,-0.014449548941381245,-0.0121957210605509
2022-04-26,0.01484703221925206,0.01252493412396267,0.012376289338415027,0.013795870388556066
2022-04-27,-0.009153783466313119,-0.009249225923179106,-0.009135711232205622,-0.009163986645424881
2022-04-28,0.012052491995357066,0.013396371358912397,0.013393348436660157,0.01089825809950185
2022-04-29,-0.009742440507197778,-0.009772429288928549,-0.009848545657199599,-0.012478980744768988
2022-05-02,-0.0025029243573649568,-0.004970307039027594,-0.004933278090849641,-0.004315237108215901
2022-05-04,-0.023439027975184528,-0.02393174027019504,-0.023799611604134043,-0.007583520782099175
2022-05-05,-0.0013902109400614668,-0.00046749581959949185,-0.0005826551080853713,-0.0063921830735738545
2022-05-06,-0.015377324742793456,-0.014336741460876448,-0.013924108249834715,-0.013312238441016781
2022-05-09,-0.007811244849918611,-0.006956572940845453,-0.006974079649094464,-0.005826380386661432
2022-05-10,-0.004628201801889551,-0.008095630099008821,-0.008004694298386543,-0.010978686574233386
2022-05-11,-0.005574696314338901,-0.006411837424070792,-0.006351195432083468,0.001350682202925834
2022-05-12,-0.019531470125102965,-0.019318101651415332,-0.01932796879581955,-0.01588001234578148
2022-05-13,-0.0021879257774964625,-0.004173805962705867,-0.004216670901414487,0.0022741125359068766
2022-05-16,0.00258209852276333,0.0014062627414588211,0.001419087492233355,-0.0027857210680242227
2022-05-17,0.027649568474520714,0.02872420808464101,0.02863631942797967,0.02269554280178881
2022-05-18,-0.0007644529798363814,-0.0031717268122232693,-0.0032341497737785533,0.0020003260055531384
2022-05-19,-0.027804672324731845,-0.02787332195574174,-0.0276920348766767,-0.023610126031267005
2022-05-20,0.028418972278111337,0.026646250550333157,0.026612046840352125,0.03108101696867022
2022-05-23,-0.0031838415013054925,-0.0015678230821728647,-0.0016351926279623552,-0.0021259872067390688
2022-05-24,-0.007282962014275513,-0.008578340096477004,-0.008715995691755128,-0.004844042295455257
2022-05-25,-0.007924085869374646,-0.007717754669236127,-0.007739796138375528,-0.0007800106661232686
2022-05-26,0.008587571193299075,0.009313792576814708,0.009380804817318844,0.007168085337675168
2022-05-27,0.008855374490331414,0.00781011934695298,0.007663409741764984,-0.0016558344795050003
2022-05-30,0.019023992594174595,0.02170145228383557,0.021669187967783037,0.015418817082156961
2022-05-31,-0.002678164574585789,-0.00275858384953396,-0.002598017930521021,0.007499921304311149
2022-06-01,-0.004855514394644841,-0.0061997354708427,-0.006198003872266856,-0.013228366526040336
2022-06-02,0.00995261957570457,0.012647627246748273,0.012701657609207438,0.008587084560331032
2022-06-03,-0.002332460520172837,-0.002554691147159987,-0.0025946266358514445,-0.008782095713931555
2022-06-06,-0.002211804326547338,-0.0034447364357782354,-0.0035395873402040336,-0.0010491868747977994
2022-06-07,-0.009466725018363074,-0.008752558344324061,-0.00879656592865079,-0.003841222007880397
2022-06-08,-0.002579783700871979,-0.003350098112887852,-0.0033015876289730272,-0.004118011628154972
2022-06-09,0.007760053449329943,0.008483542969631063,0.008480995020925731,0.007166385670835561
2022-06-10,-0.015523092109410415,-0.014091383419811594,-0.014008353188094435,-0.005790161795637224
2022-06-13,-0.026204845901512935,-0.02669083259975045,-0.026752327867356162,-0.014702849717136297
2022-06-14,-0.002278692310915088,-0.0018122118434650174,-0.0019029999833879065,-3.6493871575093616e-05
2022-06-15,-0.0017444896185533295,-0.0015053049159766717,-0.0014249424274521264,-0.004456218622498457
2022-06-16,-0.021012215509012017,-0.020853503878578903,-0.020820491364020845,-0.017770193792011217
2022-06-17,-0.005400705042822733,-0.006118999239400692,-0.006132923789548215,-0.016646867015528703
2022-06-20,0.0024515050430910083,0.0009332340993307158,0.0009214087796230878,0.0039675308442754485
2022-06-21,0.019611683004386017,0.020307205825504215,0.020324082607325815,0.01468248607751241
2022-06-22,-0.014292667856032082,-0.014334746707676317,-0.014326225379632794,-0.0126434466432003
2022-06-23,0.010028650268582144,0.0071958187597795185,0.007232961059794946,0.013383134990056316
2022-06-24,0.009092730256842886,0.007007906895082239,0.006959146871557734,0.007788402728257809
2022-06-27,0.00855045503794176,0.009159774571371059,0.009116757896041366,0.010129344842456693
2022-06-28,0.001064367618972767,-0.0008333220753421597,-0.0008666327166251205,0.004703645168763869
2022-06-29,-0.0023973326122927064,0.00016453907450813355,0.00015874713611992622,0.00529766333596684
2022-06-30,-0.0014816656764309372,-0.00027029074140550173,-0.00026480945379413364,-0.006921624652033228
2022-07-01,-0.0040674453025425425,-0.006813541896898522,-0.006848875762627308,0.004010584392155022
2022-07-04,0.003835991691848507,0.005293866223736774,0.0051693816828819045,0.004223624203605648
2022-07-05,-0.0006859859452680514,-0.00018497409080859184,-0.00022825054213304242,0.0006444526469742461
2022-07-06,0.01249094654376565,0.010156790553480202,0.010116246032252472,0.009589831443174658
2022-07-07,0.007353932097931915,0.009317265545674545,0.009405503691484728,0.002168675631802697
2022-07-08,0.004040355957513246,0.007332764402679915,0.007296708827890713,0.007723042760456748
2022-07-11,-0.0027590123420442795,-0.004231750154823063,-0.004232674821516033,0.0005755046107935675
2022-07-12,-0.008969388627585291,-0.007709398836652004,-0.0077352887091904484,-0.012634587669387576
2022-07-13,-0.004793635904234517,-0.007054177725917263,-0.007182013814927831,0.0031602934632357685
2022-07-14,-0.0016136524920626041,-0.0006542730325590209,-0.0006331919412291285,0.0020915470848474746
2022-07-15,0.005886274228225834,0.00689035700105992,0.006931372897282097,0.008158972777358001
2022-07-18,0.013991118004053033,0.013868124921942004,0.013880722809302805,0.003673084200770266
2022-07-19,0.004294915231342907,0.00449213523399184,0.004552151489437794,-0.00277148578343563
2022-07-20,0.012277975521979526,0.011117604897046858,0.011100946322462515,0.010679465623082647
2022-07-21,0.005451076150276859,0.004685692813494403,0.004624508421888227,0.005029585391719782
2022-07-22,0.005983260052917063,0.005451092476474991,0.005500293362769951,0.002962693922978132
2022-07-25,-0.006225825685494608,-0.0061698784839112385,-0.006215481336484341,-0.006908910104224524
2022-07-26,-0.007360162014986864,-0.003914741494516893,-0.003724022095679469,-0.005990313588459997
2022-07-27,0.010598301866039968,0.007232075017224967,0.007076139524698928,0.008899456479160165
2022-07-28,0.01891794173725577,0.017544197348967193,0.017480650793100554,0.012538370387571336
2022-07-29,0.013055456817948601,0.012814654939956283,0.012855484564504797,0.011228378335160655
2022-08-01,0.010237574548848185,0.012213345000358655,0.012135239122717375,0.012966667251929456
2022-08-02,0.0026737076354075373,0.0029276648026881095,0.0029412487456187734,0.0016356259862138091
2022-08-03,0.0027265074308721804,0.002942685529485553,0.002966550554780868,0.0004217491737923499
2022-08-04,-0.00021960871380346625,-0.001626864971595843,-0.0016351362541574936,0.01001199838677956
2022-08-05,0.00045925536312323286,4.815950901805373e-05,4.2228333838308414e-05,-0.00023055016906567462
2022-08-08,0.006358933783392322,0.007444109889838926,0.007413241330576633,-0.0003737163805242339
2022-08-10,-0.0007623337083559173,0.00012848814229242175,0.000219190214678576,0.0023748484050266773
2022-08-11,0.006966367513200609,0.005602549657900592,0.005687254467621775,-0.0011387696191547995
2022-08-12,0.002114898509981026,0.0035662660339589444,0.0035844144846808035,0.0037597314035099465
2022-08-16,0.006284702673517158,0.00532944720205461,0.005204686496276706,0.006681315056289936
2022-08-17,0.007997965767307236,0.0059360580835294,0.005990810045133476,0.0012356133355122536
2022-08-18,0.0008748806641037834,0.0016499840614180342,0.0016362612738778995,-0.0002490786011920301
2022-08-19,-0.010531164927129072,-0.010686989095770044,-0.010713905148310384,-0.006613600662131387
2022-08-22,-0.014499451257179993,-0.010742340636123166,-0.010727435707933818,-0.006715181609316382
2022-08-23,0.004688428862246006,0.00563412197801013,0.005727098488995045,0.008456934810805825
2022-08-24,6.499965506039607e-05,-0.00024970383253567304,-0.0002504518789152576,0.0010449088568463096
2022-08-25,-0.00483034240668182,-0.004314533868304115,-0.004266803529965785,-0.005828289446192627
2022-08-26,0.0025399762160006,0.0020620505003020244,0.0020880097154485993,0.0012638650052100842
2022-08-29,-0.013269013953621348,-0.012248041796440408,-0.012236071682032149,-0.0040605571251401944
2022-08-30,0.02510104522885486,0.02345530124140971,0.023447699975496332,0.018124889607746334
2022-09-01,-0.01195204577357077,-0.012994900984083837,-0.012953290663726982,-0.013046523068891414
2022-09-02,-0.0011961973438604234,-5.2510375992733574e-05,-6.620571300427938e-05,-0.003738725882572346
2022-09-05,0.00683887707636031,0.007131983577445022,0.007108889612102523,0.0008645573379821161
2022-09-06,-0.000444428947314879,-0.00044780556681833425,-0.0004838986736953823,-0.0011499791103231015
2022-09-07,-0.00041135459127535155,-0.001530175602099443,-0.001504454986407699,0.0034707935933161347
2022-09-08,0.009320582507358524,0.009127271845991975,0.009100299532693461,0.0038902636503333307
2022-09-09,0.0025868083507667606,0.0020756697133538387,0.0020220296799320823,0.000652695081920527
2022-09-12,0.006029865405353052,0.0038216446788036707,0.003786615319557894,0.0014454159362176542
2022-09-13,0.0069952362950379664,0.0062561385710884175,0.006219731333454519,0.006110864393564179
2022-09-14,-0.0034543179688798463,-0.003373422963454425,-0.0033467170642166527,0.0005587127179727607
2022-09-15,-0.006245491688804449,-0.004248906023933689,-0.004202872157913858,-0.0034350892172803887
2022-09-16,-0.01907052855613305,-0.018815929363714363,-0.018862962419615586,-0.014097531573927511
2022-09-19,0.0058289122877091945,0.006474863202517763,0.0064798558091104675,0.00263818114873113
2022-09-20,0.009762189347432532,0.008288288932659219,0.008303371391286772,0.013543222658663883
2022-09-21,-0.005285540319705971,-0.0030978138466200545,-0.0031162181562749977,-0.004754839258917304
2022-09-22,-0.0027352548515554406,-0.0017175718331215012,-0.0017452555255363198,-0.0022820356406377503
2022-09-23,-0.016335926094430207,-0.016054548804092628,-0.016066655815030105,-0.013125506616273765
2022-09-26,-0.016959960042676612,-0.016165001799679043,-0.01612683366170879,-0.013353267608625687
2022-09-27,0.0005519386886920757,0.0005621199522205626,0.0005373472200560926,0.011346505496408721
2022-09-28,-0.007455687386402899,-0.006025121506009865,-0.005968489085211928,0.0018278440510681917
2022-09-29,-0.003854514465568261,-0.003173700122056248,-0.0032193674311160915,0.008089436017466966
2022-09-30,0.016264516083240317,0.014852008306212965,0.014879431808528097,0.00724509399523099
2022-10-03,-0.011058241413007486,-0.011431659251423826,-0.011392826492688942,-0.004354086954422123
2022-10-04,0.022674731609137945,0.021660951457195838,0.021726052209843593,0.013631296044188472
2022-10-06,0.002374582311900807,0.005305630622146986,0.005392640446112503,-0.0010899650864898962
2022-10-07,-0.001531778327297278,-0.0014837307084503547,-0.0015051181679368818,0.0001484936055945017
2022-10-10,-0.002938142770754705,-0.003844815946007977,-0.0038028680443805054,-0.0051002088499998155
2022-10-11,-0.015389800267705981,-0.014435178695872923,-0.014363905201369842,-0.01578404796218175
2022-10-12,0.008243154635882361,0.009270838585419142,0.009265763711426317,0.010294698339817797
2022-10-13,-0.006174320256737868,-0.0059721894061975315,-0.0060097563659602974,-0.002927815011347369
2022-10-14,0.007295802784549902,0.007943891929603758,0.007945085242191067,0.003306370687950306
2022-10-17,0.007814506795631112,0.008304255333193402,0.00826668074329777,0.0014466132229769802
2022-10-18,0.010993821051991284,0.013109558174366659,0.013170834536388884,0.013747262120329206
2022-10-19,0.00013835809095062484,0.00033422123539405564,0.00033463960910263836,0.004134761589505371
2022-10-20,0.0039916424818098135,0.0036352295334841395,0.003567687580243892,0.010372384471708929
2022-10-21,-0.0004512081371007937,-0.0014079921031752913,-0.001502415033057015,0.001753432116074818
2022-10-24,0.007061953857571089,0.009958477415352957,0.010110328666994762,0.013295151764156639
2022-10-25,-0.004096182075207684,-0.00320710428386265,-0.0031145208942991694,-0.007149877166369654
2022-10-27,0.004718992205030973,0.0033907216565962506,0.0032885136579394827,0.004383179857848157
2022-10-28,0.003907399533127204,0.00609244533159121,0.006026006292159634,0.0045825696843450016
2022-10-31,0.012335919617332028,0.012180277455650854,0.012212531659343195,0.008591899089070942
2022-11-01,0.007589843274271464,0.006905009942564607,0.00690114278374425,0.011909579840314464
2022-11-02,-0.004329110394225233,-0.004646665954551933,-0.004604581865817328,-0.0061133562178305074
2022-11-03,-0.0009092781992183286,-0.0006261236158915841,-0.0006632749038353709,-0.0016331232439009747
2022-11-04,0.004535935187150939,0.0024439500406768107,0.0023442218264316385,-0.0016341990360532934
2022-11-07,0.003944608854169338,0.004741440054352451,0.0047687702274568,0.0051716524187801075
2022-11-09,-0.00287294287683402,-0.0021507698661573553,-0.002227162317149051,-0.004154294441612833
2022-11-10,-0.007095268680255232,-0.007331718045375107,-0.007342258910758007,-0.00791474765172709
2022-11-11,0.015233040785506313,0.010370619414124142,0.01037281734339961,0.0021291430855685184
2022-11-14,-0.0019195817124184203,-0.005146535165883758,-0.005277196375683739,-0.004687982904273326
2022-11-15,0.003523115978601826,0.003956089692288504,0.0040319521475748596,0.003975550515973619
2022-11-16,0.00021185537627797416,0.00104206353922415,0.0010732449492529298,0.0018269104991091173
2022-11-17,-0.003408572006388462,-0.0034809849994266186,-0.0034756777098824804,-0.0022588003250233572
2022-11-18,-0.0023999074811516187,-0.00304472077173816,-0.003064206928352947,-0.0053173455438624215
2022-11-21,-0.007829537860688922,-0.006940346101655224,-0.006950056808210457,-0.0027057850492597903
2022-11-22,0.004496214490320937,0.004130351652007936,0.004107577980346237,0.0016742018000149759
2022-11-23,0.0012449854353271117,0.0010084220567235641,0.0010643969299112188,-0.0005380329010498664
2022-11-24,0.010852556708252144,0.010127992124102257,0.010186989256434145,0.007716368154107312
2022-11-25,0.001803028071373647,0.0008673600933735478,0.000838746121336289,-6.206665075445575e-05
2022-11-28,0.00363298477471199,0.0033818183353984603,0.0032990725721439,0.0027764307307012216
2022-11-29,0.003375154612327805,0.003736243585795895,0.003763747809171342,0.007379425390193142
2022-11-30,0.0066012312778969675,0.00718214274278435,0.007170130802748188,0.009178639232788057
2022-12-01,0.004126931345843763,0.0012954515324668549,0.0012967462435300604,-0.004134357603171325
2022-12-02,-0.005862686452259769,-0.007761864925557913,-0.00780307429945035,-0.008078298778115457
2022-12-05,1.3607856011571175e-06,-0.0002040819119168051,-0.00021675158445937263,0.0013595134116544635
2022-12-06,-0.0034872070907312515,-0.003135668983254869,-0.0031906293440568155,-0.0011712170747069167
2022-12-07,-0.0041043045807574565,-0.0030650999450356035,-0.0030645333900557693,-0.0025724238519388436
2022-12-08,0.001177217027943102,0.0006924305671676552,0.0006155421006250475,-0.005065408030629375
2022-12-09,-0.006459196017439019,-0.0043462707466594445,-0.004310426601398917,0.004808613605649226
2022-12-12,-0.0003773471151227293,-0.0006190440561590002,-0.0005806990278808402,0.0004026487512287477
2022-12-13,0.006102864009303293,0.006093827654788983,0.006160188143732841,0.004580451012023395
2022-12-14,0.002956665900708884,0.0020890542049896853,0.002048803291110631,0.0007631083687622147
2022-12-15,-0.01277832377875626,-0.01282958717677266,-0.012856654506627195,-0.011153946491668872
2022-12-16,-0.008747452539726147,-0.009319812857777538,-0.009360394335718333,-0.010364772914442558
2022-12-19,0.007870076869965575,0.00878857703668682,0.008718386691441775,0.012796591240369882
2022-12-20,-0.0015622008712757873,-0.0016793760973143064,-0.0015709537685613326,-0.0025912451496561783
2022-12-21,-0.0087157678491844,-0.007859519545879132,-0.007798116529386272,0.002010056240749197
2022-12-22,-0.0035969906950071378,-0.004414073918912312,-0.004380175363867343,-0.004193556892084022
2022-12-23,-0.017681863367472215,-0.016008865009321683,-0.015883562536471708,-0.0120475085813578
2022-12-26,0.010914759176259562,0.011473684454486424,0.011473941052282468,0.0009886200061235931
2022-12-27,0.006592580936708307,0.004246447041054213,0.004261763238116724,0.0002112223405577421
2022-12-28,-0.0007904202648772543,0.0005673594259405266,0.0005962045423931734,0.0014463782403317813
2022-12-29,0.004058297274151251,0.005033780482693886,0.005135308619328254,0.0019084122784045342
2022-12-30,-0.002994867437615054,-0.004615629754080872,-0.004696303099806536,-0.008178596415480865
2023-01-02,0.004278610538540703,0.0037921722670403177,0.003759375833227285,0.0011383020336735148
2023-01-03,0.0018069339117514616,0.0009288273653453967,0.0009725235683012198,0.0015665943369824477
2023-01-04,-0.009841214595452607,-0.009336030672227956,-0.009317244166110995,-0.008793378762650477
2023-01-05,-0.003114342836050592,0.00013477835308927985,0.00010514046586710093,0.010209349875331723
2023-01-06,-0.008330094739260399,-0.007649656158346715,-0.007741835231276041,-0.003565869757353552
2023-01-09,0.014461177486958646,0.015378634948721102,0.015409729967330529,0.010424574975571654
2023-01-10,-0.010186333878252164,-0.011938227503171433,-0.01196771069334022,-0.007588726710011615
2023-01-11,-0.002004401952172438,-0.002668241590704196,-0.002612910442660408,-0.008612846683118175
2023-01-12,-0.00273581266312235,-0.0032249538877694908,-0.003270366831380325,0.0017451208889018108
2023-01-13,0.0055916392950001,0.005818408857478021,0.005852686538973006,0.002820470203399817
2023-01-16,-0.0021769311943159,-0.0025074410065194994,-0.002397206246326927,-0.0002977756410492284
2023-01-17,0.008377998772637674,0.007907909782966353,0.007767986898791294,0.008467925343728302
2023-01-18,0.00563345764942936,0.005227964881000369,0.005166372545278437,0.003076122356025274
2023-01-19,-0.0031214858563993297,-0.002711063917249052,-0.00272436813688404,-0.0031012735498291543
2023-01-20,-0.006461554002387137,-0.004166840535987617,-0.004115598390374798,-0.005080711704002328
2023-01-23,0.004941349760403563,0.0071503983784041774,0.007259869388646896,0.007975685922849923
2023-01-24,-0.0003825602576298971,-2.0680282632984665e-05,-5.452809202168825e-05,-0.0008480248693386316
2023-01-25,-0.011307823188568726,-0.011300178461018247,-0.01131059894113102,-0.005547420903671882
2023-01-27,-0.015037178495920983,-0.01579982101846046,-0.015931689367441233,0.0033361097554513515
2023-01-30,0.0033962075577910283,0.0051201730708024746,0.005247649876309704,-0.004479510551551367
2023-01-31,-0.0002373448429825909,0.0018018372916891576,0.0018174363193714448,-0.0005311953961413016
2023-02-01,-0.0014530205831116546,-0.005298783312260906,-0.00556363878262768,0.007704187917223507
2023-02-02,0.0027232123891510803,0.004332906908522277,0.004205579644375337,0.010118307436586168
2023-02-03,0.013676838917504784,0.01634577551408514,0.016481635966966012,0.008058333879198448
2023-02-06,-0.004142909473117008,-0.0022186364986115053,-0.0021296840362531404,0.001696909912443946
2023-02-07,-0.0028690160009833036,-0.002995329312958287,-0.0031500013932457354,-0.005812259546145628
2023-02-08,0.008096839615089809,0.007768655538800375,0.007910738378535898,0.002572414711207361
2023-02-09,0.0022239750567421496,0.0009704100949375322,0.0009387263783518457,-0.0007008992718409873
2023-02-10,-0.00248763404517268,-0.002733605556546395,-0.002892121453961068,0.0005240014656498009
2023-02-13,-0.00530192061432453,-0.005420681166608361,-0.005449612159610742,0.0007777924304629578
2023-02-14,0.008317716321816831,0.009398031318959943,0.009461166229582133,0.007507891867568578
2023-02-15,0.0057941032669304665,0.005128591753122976,0.005157693739148335,0.0020948412623188824
2023-02-16,0.0017491089137120779,0.0007565348719573415,0.0007113217623824814,0.006373237085740774
2023-02-17,-0.005203422399594243,-0.006775783764355684,-0.0068992165392419355,-0.007032910382379817
2023-02-20,-0.004892930826633854,-0.005681400763882402,-0.005507284834837431,-0.011860026970966124
2023-02-21,-0.001004871119892568,-0.0011444447476876504,-0.001242182676839991,0.0006308605555806355
2023-02-22,-0.015101244856218513,-0.014531696884271913,-0.01452378920193501,-0.005076478293970303
2023-02-23,-0.0020902664732929993,-0.0020924223303565425,-0.002087278668129062,-0.001528762570137921
2023-02-24,-0.0012162839223385064,-0.0011150460711224046,-0.0010872803453791746,0.001614969556480983
2023-02-27,-0.004389408646623877,-0.003004472813468215,-0.002942576836840467,-0.003206586684717486
2023-02-28,-0.006428622988553305,-0.00574600072766672,-0.00558221626032258,-0.007865221413909945
2023-03-01,0.009091298794570856,0.00906400788335284,0.009168709695692556,0.0012773949666595643
2023-03-02,-0.007455907033281865,-0.0071069450682006065,-0.006952283676242805,-0.004819727267213974
2023-03-03,0.014888864275380272,0.015852161207242442,0.015941359870106305,0.00862043008180377
2023-03-06,0.006200213909272707,0.005034698409848803,0.004969573102156534,0.004244825464958647
2023-03-08,0.0020544210078679154,0.0036207829677724983,0.003730652373435104,0.0016893270392293815
2023-03-09,-0.009505988986676574,-0.008660381313427898,-0.00873382536832045,-0.005799828769118636
2023-03-10,-0.008322241196418383,-0.009107713791210646,-0.009198349995732187,0.0003664132246605829
2023-03-13,-0.014308345953607138,-0.015280153745901193,-0.01525068557579236,-0.007234333575608352
2023-03-14,-0.006763551860167724,-0.005956775390820075,-0.005988007606937152,-0.004714758678835735
2023-03-15,-0.00456799435308218,-0.0072294579738802125,-0.007334609006511477,-0.002400519556983557
2023-03-16,0.0014430924199199126,0.0022209995559473675,0.002298169905972599,0.009105433106595267
2023-03-17,0.005244439380260037,0.004818996826833421,0.004955060825900695,-0.0002436954169024681
2023-03-20,-0.007144688293804604,-0.005471327215010314,-0.005519221344299244,-0.0013270539436070262
2023-03-21,0.005372144278297456,0.00398541503674762,0.004034435824195547,-0.005346322544088347
2023-03-22,0.0024910739463777994,0.0017994732724153652,0.0019369082103952188,0.0017720854688692798
2023-03-23,-0.003829586764267697,-0.003401213590884054,-0.0034167888074140527,0.002847059136552888
2023-03-24,-0.008562786249465645,-0.008053792335936356,-0.00818588114946475,-0.0036437732253339745
2023-03-27,0.00309391147390015,0.003111078055928935,0.002968450332600825,0.002726543313301554
2023-03-28,-0.0028959012448067723,-0.0011092201896468268,-0.0010722025858575647,-0.0008380795395953277
2023-03-29,0.008055116660810232,0.007559886492787697,0.0075931232728312014,0.006807962974828539
2023-03-31,0.016271387303952885,0.01623980812893441,0.01631109697028922,0.009731843200195827
2023-04-03,0.0027005166116963924,0.00369997660104539,0.0038183115173506038,0.0019592243732267155
2023-04-05,0.007883278735895399,0.00788615053097739,0.00799675151332093,0.0071232824403426945
2023-04-06,0.001699857155430775,0.0020796842408282996,0.0019934517502605198,0.0007035567188157811
2023-04-10,0.0013561758260870365,0.00033433574834393993,0.00043034827164332637,0.0037348295801891782
2023-04-11,0.004667848067204051,0.0043103361915627,0.004159586327458977,0.008807892606376502
2023-04-12,0.003807531457255523,0.003929822861841886,0.004042596455045443,0.0011724631612154836
2023-04-13,-0.00018902360740281936,-7.26561398920951e-05,-0.0001222025734160182,0.0034710354699262424
2023-04-17,-0.003936326965167438,-0.003020654427989415,-0.0027303584506240446,0.006139842309452135
2023-04-18,-0.002040882202620965,-0.0018128415367801277,-0.001719521083056534,-0.0013059881953915275
2023-04-19,-0.0030760355465427112,-0.0031326615877286545,-0.0031474671281556217,-0.003475314931633748
2023-04-20,6.637298148952771e-05,0.0008075340715371434,0.0009142313766618497,-0.0005957761085046851
2023-04-21,0.0010781164088157745,0.0024280268365152345,0.0025488158262490126,0.006808425755082287
2023-04-24,0.005517621522294154,0.004660823268766793,0.004800539199733663,-0.0014817475639298458
2023-04-25,0.002737476408595837,0.0034187801069928826,0.003461759913367987,0.005205363197049316
2023-04-26,0.002425271506911846,0.003009498961981849,0.00304307212917176,0.0033997400238333915
2023-04-27,0.00493339745387062,0.0053221952597147446,0.005305209076374192,0.0044594449456394295
2023-04-28,0.009312899876531824,0.010697486523755472,0.010763130145039171,0.011802713414978116
2023-05-02,0.0034562129910900735,0.0026593214737434434,0.0026148675350235228,0.0010000202253449915
2023-05-03,-0.003522747721758796,-0.0024810884649871068,-0.002501870376023275,0.0006661740964416577
2023-05-04,0.009243425146268986,0.007503188030399707,0.007513892170974676,0.006440431801278046
2023-05-05,-0.00660338891855687,-0.007180097010929682,-0.007391328140614272,-0.003453659119444351
2023-05-08,0.010528986950405095,0.008785198170314173,0.008847860262951623,0.005832277304821543
2023-05-09,0.00011420868177203228,-9.739624962200728e-05,-0.00014306140779805982,-0.002522502299364317
2023-05-10,0.003059952260328307,0.002103107888104157,0.002073393854193157,0.003009441973048136
2023-05-11,-0.0002666819065325143,0.00010969862664600334,0.00015229949335268683,-0.0018833134473188874
2023-05-12,0.0007757786003752053,0.001519601292484106,0.0015621468866501907,-0.005013528729813468
2023-05-15,0.0037290801843123094,0.005257327336402674,0.0052808058656447655,0.00511383068995963
2023-05-16,-0.0032739361742074725,-0.004211100151276163,-0.004215742491374117,-0.005140177869192328
2023-05-17,-0.005928567863084119,-0.0047723725712381405,-0.004729079746223922,-0.0022547668949556227
2023-05-18,-0.0035277877111306332,-0.004323891239337731,-0.0043218861456238294,-0.007254383565000466
2023-05-19,0.0038055508419224636,0.0043190556883548024,0.0043167553952759416,-0.0030924439502430963
2023-05-22,0.006133375375820758,0.005481123277332168,0.005493136533044443,0.0046927016530126705
2023-05-23,0.0004903458634770684,-0.0004647633522791587,-0.0005056634589581391,0.001966261996688382
2023-05-24,-0.001821611389199595,-0.0009489423740102073,-0.0008982667729581318,0.004679905236495735
2023-05-25,0.0018808057628199551,0.0016377004231326727,0.0015851567764234382,0.005292917725295072
2023-05-26,0.010608137482959848,0.010725256606686684,0.010757626678355075,0.005834714997844592
2023-05-29,0.004447222116781494,0.005938521651506365,0.005973991454650151,0.0019674832274607272
2023-05-30,0.0017777566208305447,0.0022163938837478324,0.0022038095877247818,0.0036509021937473217
2023-05-31,-0.0039029834607064023,-0.004183474657844741,-0.004189410240730672,0.00043811492192092456
2023-06-01,-0.0018835472128190937,-0.0029530314946214766,-0.00276605402614402,-0.0016277029577163426
2023-06-02,0.003425021667267259,0.004537419757881696,0.004523793231817763,0.0071028253618438154
2023-06-05,0.0020625104341945584,0.0037118329931904153,0.003803181165508523,0.0008395984565272041
2023-06-06,-9.728444787391487e-05,5.080435562535728e-05,-2.9319364433308504e-05,0.003030259731773059
2023-06-07,0.007026736045147935,0.008439751495015736,0.008386156633757972,0.011734419306908201
2023-06-08,-0.00547946721551103,-0.0034638895851646914,-0.0034437962907124036,-0.0046179849268151284
2023-06-09,-0.004515805993310463,-0.0031551086532451813,-0.003276377031184917,-0.000468507048340211
2023-06-12,0.0028236340728878912,0.001897124406311187,0.0019927490835811466,0.0005802701394672978
2023-06-13,0.006137796092663277,0.005913473001716393,0.005909986052365061,0.007593247844926704
2023-06-14,0.002524251447936221,0.0029915092554053517,0.002974857093599316,0.0019173445880525965
2023-06-15,-0.002743804652067885,-0.0020707171406072968,-0.0020757695209290554,0.005546384519419152
2023-06-16,0.006031871097569838,0.005954540213013953,0.0059269756816733125,0.008032891126994766
2023-06-19,-0.0025185949516530744,-0.0030091743341873057,-0.002906103207417284,-0.0037755615327492056
2023-06-20,0.002167051182884683,0.002705493909776899,0.002704157455836265,0.0032198201833685187
2023-06-21,0.0023602052821854683,0.0012907896284474545,0.001197648633428241,0.00317276256835887
2023-06-22,-0.0054912762571340925,-0.0038662964408761416,-0.0038275999064831196,-0.005967436942732359
2023-06-23,-0.005394240441530255,-0.004601227955379585,-0.004619223773220525,-0.0004048324576095056
2023-06-26,0.0005577101630801138,0.00023770751389445773,0.0002755117625299278,0.0023904203730319862
2023-06-27,0.005540004087879934,0.006227843848936593,0.006251838007155446,0.0027278658011232852
2023-06-28,0.008383915380115592,0.008899866217642223,0.008856037075910676,0.01004901186567795
2023-06-30,0.011683116025298404,0.011807581270837333,0.011910738023272166,0.011820184242820327
2023-07-03,0.006881999286092653,0.00764151995356248,0.0076404517417444015,0.001927380705924167
2023-07-04,0.004429092218718499,0.0032284765041155766,0.0034099127833787483,0.0022240692426713053
2023-07-05,0.001798128086182513,0.0019956932234322065,0.002029551075180396,0.006508619533325105
2023-07-06,0.004993928608954733,0.0033118367897839174,0.0032251794533237317,0.007529025643200132
2023-07-07,-0.00805521869336288,-0.008815130063512965,-0.008831014771695875,-0.010771310041031908
2023-07-10,0.00034024456585105716,-0.0012757228583052443,-0.0014275590746662516,-0.00200510119002233
2023-07-11,0.004684656994462346,0.004063341515061414,0.004039693178063325,0.00932958635713532
2023-07-12,-0.0019064596991626792,-0.001613291547193773,-0.0015879740637346346,0.0003974906484160848
2023-07-13,0.000868382424671194,0.0004490028871912662,0.0004508445666105989,-0.004431206488727496
2023-07-14,0.009278167378747074,0.008341896498607832,0.00851296540484622,0.0026608409310681356
2023-07-17,0.006628965741726063,0.006406279286812257,0.0062742752791733565,0.002794446073544388
2023-07-18,0.0012113785743125785,-0.0006595492072843649,-0.0007043079534790733,-0.002382217076522888
2023-07-19,0.004100703769398226,0.005359156004921426,0.005485452406939437,0.005976771158275914
2023-07-20,0.0055853987842182755,0.0073530111374515515,0.007195548077604791,0.011823482408316816
2023-07-21,-0.012621449697500522,-0.00797334211123789,-0.007918545032206056,-0.0011687028159719692
2023-07-24,-0.0036660524486557882,-0.004782473154635832,-0.004774725878349832,-0.005363404434115062
2023-07-25,5.162514675377265e-05,-0.0014239681630872647,-0.0012905783093913646,-0.007060322579186719
2023-07-26,0.0044374616932131555,0.0056065539888731294,0.005604461762351624,0.008255542021038455
2023-07-27,-0.005306392580571745,-0.00618131538931515,-0.006153971603074362,-0.0016093326740534981
2023-07-28,0.00027231525968235507,-7.471293253475008e-05,-2.448294720272283e-06,0.0050217757419203715
2023-07-31,0.00662817728629542,0.00531171968166157,0.005394921593035848,0.002039806744461637
2023-08-01,-0.001511396586437901,0.0010627898005808826,0.00108859610607954,0.0018845719379644542
2023-08-02,-0.00935211757963619,-0.00886317727502304,-0.00895034739253264,-0.007112835160660963
2023-08-03,-0.007707333719642133,-0.009665321490203509,-0.009598798104414575,-0.007932613699989426
2023-08-04,0.006565253364109337,0.009233994382716507,0.009281238088101417,0.005259063623521379
2023-08-07,0.004628019738657431,0.0020890371028075044,0.0019503432053862948,-0.0007995610979868909
2023-08-08,-0.0018060475805435241,-0.003097786956311145,-0.003164047636587299,-0.003638454537910253
2023-08-09,0.0030338275013087617,0.003985151485684311,0.0040601192894782765,0.0057427567180516744
2023-08-10,-0.003664997073198358,-0.0035604548388430157,-0.003524905610120935,-0.007828868146519823
2023-08-11,-0.004014848184127378,-0.002738873423155454,-0.002708537819527177,-0.0036545333832541963
2023-08-14,0.00032526630908721177,-0.0006528084543884114,-0.0008927384178734579,-0.00040745357669786774
2023-08-16,0.001577051261186003,0.0008387983054201233,0.0007065186469070521,0.001777369183273307
2023-08-17,-0.004850268058452077,-0.005236627842012019,-0.005245862512898624,-0.0038457464096427986
2023-08-18,-0.0030848496634727357,-0.002420228601345872,-0.0024454930431834178,-0.0018410514335616616
2023-08-21,0.005359890852953334,0.006447546867060893,0.006507453768571362,0.007182074335748971
2023-08-22,0.00013425731991562024,0.0008565930948284192,0.0007797214520436875,0.002406371274251405
2023-08-23,0.0028007609348918287,0.002186651300340965,0.0020576274469162837,-0.0011205462120496552
2023-08-24,-0.003072811675732371,-0.0024844769784489323,-0.002466828237816225,-0.00024935319921047305
2023-08-25,-0.005323892787368518,-0.006436468334355175,-0.0063894106479321445,-0.006126439073335994
2023-08-28,0.0012080266582990874,0.0011488751049919667,0.001088074099235886,0.001942034094581824
2023-08-29,0.0007193951473376133,0.0010265126426147917,0.0011362972693306505,0.00033854870043236075
2023-08-30,0.00029107842235017665,0.0008482217929352027,0.0008982819142889756,0.0009730511490868964
2023-08-31,-0.005215726288740535,-0.005133633019864229,-0.005302307072374976,-0.005732561433485322
2023-09-01,0.009611079399254286,0.009469543917488513,0.009587698234395751,0.008930472776507848
2023-09-04,0.0054315340841271905,0.005941918595760927,0.006077875653862854,0.004404088103109561
2023-09-05,0.002355154188764385,0.002305074171851824,0.002255768148684104,0.0024462862337104535
2023-09-06,0.0019154353523207436,0.0027920839262950397,0.0028812579606433027,0.004708634298904961
2023-09-07,0.00496801548418576,0.0047959612928249965,0.0047022589613344365,0.0005229864736147042
2023-09-08,0.004569693461713977,0.004860902559563478,0.0048202371873744265,0.0034240870807384118
2023-09-11,0.009111048632329895,0.00809323301416308,0.008154727141340764,0.006316168810406665
2023-09-12,-0.00022654388199600092,0.0012390344069398984,0.0011549824111135609,-0.0012091143591325651
2023-09-13,0.004458032045462114,0.005372888568476598,0.005475699012630147,0.00913802231637616
2023-09-14,0.0015596825806621847,0.0008049383194827903,0.0007850158569662272,0.0005137057647574972
2023-09-15,0.003649473504034195,0.003991405015792992,0.004014359221683302,0.000650426104986164
2023-09-18,-0.0017746209465710908,-0.0008617742934098143,-0.0008514743141299393,0.0005529694484480714
2023-09-20,-0.010026336824144406,-0.010297113525299443,-0.010302411266763213,-0.005455887761845183
2023-09-21,-0.0073074500219372125,-0.00801802146566384,-0.008022759543694169,-0.0033487038359238095
2023-09-22,-0.0021032596304969182,-0.0032428199293673536,-0.0031482857766512327,-0.006331028506405565
2023-09-25,0.0003481802757753535,-0.0008896777635237434,-0.0008849204372930194,0.0006743000170870197
2023-09-26,0.00015196181445364037,0.0015101076505188106,0.00150266239476008,0.0019112834878464036
2023-09-27,0.0029412125480058984,0.002621912646621016,0.0025393940874189904,0.005157657386860332
2023-09-28,-0.010749019920553793,-0.008590287021848386,-0.008687242791235813,-0.01219125589028091
2023-09-29,0.005791973443890825,0.00785512902816834,0.007774188668170728,0.012390378514773436
2023-10-03,-0.00472939688888339,-0.007112242316644582,-0.007170569533228331,-0.009269606935062168
2023-10-04,-0.0047933004986852636,-0.00574298140293258,-0.0057473347468465314,-0.008646319836587339
2023-10-05,0.005292011173585556,0.004989881765129076,0.005025220333796118,0.0026627962182436487
2023-10-06,0.00624408402641392,0.004485422995646977,0.004557152566039057,0.002242566639255613
2023-10-09,-0.006589292846487106,-0.004912929615637211,-0.004976161795031354,-0.003942098024880517
2023-10-10,0.008338953863518114,0.006139469355556845,0.006100877373132179,0.0044875140157562944
2023-10-11,0.006150687715625013,0.005883835934212971,0.005822276095685844,0.007163206077501439
2023-10-12,-0.0017383070273564371,-0.001109654604599382,-0.001043022595477044,-0.0002713927265724034
2023-10-13,-0.0006938168157093274,0.0005567427425908683,0.0006018466762533131,0.0007496154350700587
2023-10-16,-0.0020160374896566967,-0.0010321181051369044,-0.0010426548391671857,-0.001176814465472847
2023-10-17,0.0037187821276400733,0.0027279958846003808,0.0026810359745529392,0.003732458582788525
2023-10-18,-0.007186819568948703,-0.00608306765434626,-0.006192193139541368,0.002483436004146409
2023-10-19,-0.0030086429799915855,-0.0020217462562217244,-0.0021209280685634707,0.0018217051778515285
2023-10-20,-0.0038600789142854844,-0.002977370264048108,-0.002892624754304244,-0.0059237157674691485
2023-10-23,-0.013514428304077461,-0.013032941219771107,-0.013075261285752527,-0.011297366382334039
2023-10-25,-0.006219563362035447,-0.006687407077075345,-0.0067004964579035955,-0.006565834833359815
2023-10-26,-0.014327707466805216,-0.012981735952644565,-0.012913914123609541,-0.012480002611759841
2023-10-27,0.010342680110587968,0.010293866134276129,0.010243980718629949,0.00845785665007159
2023-10-30,0.005615244540205956,0.006373146237371692,0.006392826081064304,0.0053825666813572025
2023-10-31,-0.003105958547638777,-0.004566945466236265,-0.004663655600892165,-0.0032724892321620586
2023-11-01,-0.004605685537153215,-0.004628899207302597,-0.004581183894268357,-0.0038822304783485183
2023-11-02,0.00836582145207087,0.008459176874707899,0.008537588905635133,0.008834502045461472
2023-11-03,0.004048816274583041,0.0048123051447159565,0.004899363800227973,0.0056173326835196845
2023-11-06,0.009390597884524555,0.010153932876762542,0.010220918169472135,0.013210599287123476
2023-11-07,-0.0003599766880772004,0.0003308650734168287,0.00039376810283376365,0.00403820585630114
2023-11-08,0.002954402124443764,0.0030884686340780405,0.0030707208116282293,0.006348552861688981
2023-11-09,-0.003833551462824379,-0.0028325948802286494,-0.0027985480320704362,-0.002417954973186342
2023-11-10,0.001517524467572147,0.0028146904738259155,0.0027955903538550864,0.004272039289190804
2023-11-13,0.0013548248870766935,0.0006956983073593715,0.0007005097239325977,0.0004757245024687265
2023-11-15,0.011348679933524775,0.011984774651571144,0.012037815812541373,0.00896063885377934
2023-11-16,0.006261831949542791,0.006444036791619677,0.006462013060055154,0.003910616732873792
2023-11-17,-0.0023696736517545875,-0.0026679478341486646,-0.0026535410331332675,-0.0004058880397713013
2023-11-20,-0.0012537750523173312,-0.0017272763415960737,-0.0018133933902092125,-0.001992992197375286
2023-11-21,0.0038697679740729908,0.003174292297004029,0.0031638071640826657,0.0016621346892178575
2023-11-22,0.0017419052177035392,0.002227863438184777,0.0022707576986415383,0.0021926633361237006
2023-11-23,-0.0007522261884252405,-0.0012671525512312405,-0.0013283710277942143,-0.0034033268615424445
2023-11-24,-0.0018893716146213837,-0.002092506593040619,-0.0021339155124865464,-0.0015977070508994625
2023-11-28,0.00518290928070867,0.004819879910791351,0.004825909889262118,0.00675417110874171
2023-11-29,0.008774636473301392,0.009885865718921907,0.009904252981164815,0.0076821509004239
2023-11-30,0.0022100530891405244,0.0036416474742238096,0.003599341574244385,0.008972966543436363
2023-12-01,0.006965060862162785,0.008866391310078612,0.008868114206275405,0.008423489835268777
2023-12-04,0.01821054009951406,0.018318857424423594,0.018335734800467133,0.015636776191986897
2023-12-05,0.007326608925068947,0.005866399340732872,0.005791087691246979,0.006260947072546195
2023-12-06,0.004763364451666709,0.005288460752399105,0.0053555049428903444,0.003121315705741398
2023-12-07,-0.0014542670882322622,-0.0020449497160910882,-0.00206634931781468,-0.0012526843275640915
2023-12-08,0.0023695525573997544,0.0011767508461007219,0.001228602954972091,-0.0023409163604681967
2023-12-11,0.0013738709639779373,0.0032699275397172927,0.0033904735462379453,0.0012673025792630385
2023-12-12,-0.004245057529992213,-0.004943155730177894,-0.004907561438272309,-0.004827834060881268
2023-12-13,0.0006521401411593562,0.0011752309455007738,0.0010323286348304479,0.004510970401834114
2023-12-14,0.012278163654585488,0.0121008042253087,0.012346548183356319,0.004734063569626986
2023-12-15,0.014811270062969905,0.014509067544098113,0.014659124352148535,0.00643219203813356
2023-12-18,-0.0005778380714429128,-0.0012872588566153038,-0.0012513023170961125,-0.001914299179851243
2023-12-19,0.0024110932980129954,0.005376757597503569,0.005296559345368913,0.007463006001645041
2023-12-20,-0.014639175486146155,-0.014272535766477986,-0.014257112896498175,-0.011405752029245902
2023-12-21,0.004617041541343835,0.0031955198034511424,0.003127196726479542,0.0012400749019177745
2023-12-22,0.00575910612451302,0.005096379299842484,0.00511662623604938,0.008416842517248868
2023-12-26,0.0038303361471544164,0.003763259559083041,0.0036858122642364154,0.006548685070652681
2023-12-27,0.009061408225639894,0.007775389705713061,0.007793730088158799,0.007103387455023909
2023-12-28,0.006099219794133512,0.007223156604285471,0.007153928759312396,0.009218489560258555
2023-12-29,-0.0028846304122073767,-0.00269915701571029,-0.0026935331296396607,-0.0015187454917968202
2024-01-01,0.0006313790572643148,0.0008091526408288511,0.0008168086710156036,0.0020377747968582183
2024-01-02,-0.0022784174548977137,-0.0004124496602896711,-0.00038896476094079675,0.002760255685827494
2024-01-03,-0.007784146147560538,-0.0058129837601293664,-0.0057588502411252615,-0.0024350421335196195
2024-01-04,0.005836730786820838,0.006042500042833244,0.005829707287419308,0.004579688438472097
2024-01-05,0.003075470532762345,0.003330606671490167,0.003403922043667933,-0.0016297750199080884
2024-01-08,-0.00847663417364631,-0.006608754852181285,-0.006494960277010623,-0.0069394020980137324
2024-01-09,0.0013885993904692272,0.002415659969682737,0.0024592253897072485,0.0009577963810092011
2024-01-10,0.0033022760654120875,0.003121866961135821,0.0033849529846709174,-0.0003100093836219059
2024-01-11,0.0018900294149690577,0.002545680103812118,0.0025048349792506034,-0.002785638956685255
2024-01-12,0.012043342696097787,0.012278115837619086,0.012643712270154496,0.007083156423781872
2024-01-15,0.01012288522123495,0.011026502711997808,0.011110810528459294,0.01177107718814689
2024-01-16,-0.004049471221551222,-0.002970874938891292,-0.0029501586371741767,0.0002416130301697959
2024-01-17,-0.016086717595907966,-0.01320957298194939,-0.013068951060000644,-0.012480883220743985
2024-01-18,-0.0037275953289828165,-0.0035786448150838296,-0.0034985914124821935,-0.003198787977299385
2024-01-19,0.009177334773031808,0.012040479484468793,0.012050575402591553,0.012381199952534172
2024-01-23,-0.0193853278421365,-0.017955353225781415,-0.017732582290091437,-0.011113867740692236
2024-01-24,0.011173870822958593,0.01059318182964145,0.010464050503807141,0.012748067687879044
2024-01-25,-0.0047237420286192836,-0.004081619135499129,-0.003907174241292916,-0.008517007288702024
2024-01-29,0.01971465594866852,0.0225494950216949,0.02258194546644058,0.016803440202831265
2024-01-30,-0.011181539403313087,-0.013921428403172884,-0.013867997126341888,-0.011158489425820272
2024-01-31,0.010180837490879982,0.009253909032393691,0.009158437642621219,0.01639497598359223
2024-02-01,-0.0013953990862850872,-0.0030227849292448934,-0.0032009732163668786,-0.004414782532876258
2024-02-02,0.010717821435418993,0.008264286080956437,0.008213030593045598,0.005743493588243156
2024-02-05,-0.0049649454335539064,-0.00490337351756601,-0.004776390344491961,-0.0024040715322357245
2024-02-06,0.009214504730088639,0.009120032477901137,0.009155678322693506,0.0073338190455992675
2024-02-07,0.0014174457001811412,0.0014377332446572227,0.0013229790948472494,0.0042901804592277324
2024-02-08,-0.005344950504098465,-0.0075616502934714135,-0.0077701601772453876,-0.011846802710483823
2024-02-09,0.0033275782571339837,0.0022056691553365587,0.002239432623456777,0.004334024444393402
2024-02-12,-0.007859901676589193,-0.00842490928700777,-0.008328756627650768,-0.004771456318082848
2024-02-13,0.005231812949279427,0.005048757830777098,0.004827107556518473,0.0057221139005992185
2024-02-14,0.005375161422086312,0.005115387384157717,0.004912624108909738,0.0029237223736273093
2024-02-15,0.0035690034665365224,0.0037794369821032864,0.003716739611897637,0.0016458710858161512
2024-02-16,0.004994362769603347,0.005379882117658331,0.005387263495996306,0.0063127422394123915
2024-02-19,0.003929660012258531,0.00260556898379641,0.0026895846709088698,0.006386340863441641
2024-02-20,0.0016876084072042416,0.00115998577125429,0.0010186824320587492,0.002717449384758729
2024-02-21,-0.006202544539902681,-0.008005271715924928,-0.007999175392874086,-0.005503521745187387
2024-02-22,0.00801856287462382,0.010352386748782059,0.010532513714519054,0.009050349233671824
2024-02-23,-0.0008070838146757655,-0.0008704582400484728,-0.0008941272284845022,-0.0006303276219800878
2024-02-26,-0.005106539370336731,-0.005393692239177469,-0.00558659764058942,-0.005986500769261293
2024-02-27,0.003861138293684549,0.005068461370813384,0.005204426803558592,0.006127662905491973
2024-02-28,-0.010947744704177422,-0.010958525759720391,-0.01088192742383188,-0.011370395826887836
2024-02-29,0.0021788123775942398,0.0028837494219138057,0.002923344165799361,0.004429204499157385
2024-03-01,0.014839960581793914,0.016086635284241098,0.016078929972921274,0.009287241191422194
2024-03-04,0.003213695672155835,0.005319384843758667,0.00529864088578712,0.0035606978287961648
2024-03-05,-0.003240546571990012,-0.0010164108495790687,-0.00115056660212095,0.0016799697675075657
2024-03-06,0.004709772946465104,0.00517990466958243,0.00498498688991962,0.00795057966715334
2024-03-07,0.0005990059641328445,0.00029837883747340954,0.000507505947172225,0.002573222730476856
2024-03-11,-0.005912088225882116,-0.005380033956335286,-0.005311917703154444,-0.0027278371704750766
2024-03-12,0.00013576389806286795,-0.001558150034628975,-0.001572527200037519,-0.004351830050841072
2024-03-13,-0.017608929980865794,-0.020072795865864444,-0.019757548256572756,-0.017709402881777327
2024-03-14,0.007847457669762444,0.010308681945273622,0.010237822693248815,0.010539804186794219
2024-03-15,-0.004835611587955152,-0.005447132238011908,-0.005398767150881244,-0.0035676113202136595
2024-03-18,0.0007803327528031695,0.0003723187115113599,0.00031168609569105007,-0.0005792234152423116
2024-03-19,-0.012717298703435128,-0.01181391791650854,-0.01177581136181195,-0.012969263663091483
2024-03-20,0.0031161297345484677,0.002373375957850754,0.00241742327172984,0.00078100325748811
2024-03-21,0.007481529217408462,0.007735042190978491,0.007797093556324138,0.005680700643508033
2024-03-22,0.0032061677802178376,0.00588637291054964,0.005879606757725702,0.01282110981442038
2024-03-26,-0.004220020513190534,-0.002137321073359845,-0.0020637623810225887,-0.004335588565155479
2024-03-27,0.005482412670744318,0.004829115450906204,0.0046693923779588965,0.0015134964520854537
2024-03-28,0.00997595747176985,0.009270829764639547,0.009343178509181342,0.01135394453658269
2024-04-01,0.006136019006621923,0.005578151630038937,0.005578867004859968,0.002744556185966417
2024-04-02,-0.000622886305590486,-0.0006965041781083125,-0.0007015159079130731,-0.0034259391911849457
2024-04-03,-2.9355288259457942e-05,0.000347672873690876,0.0001981415319089406,-0.00266955405422343
2024-04-04,0.0020001032994944796,0.0007294584602422448,0.0008955693584465063,0.0008420270099208969
2024-04-05,-0.0014708927356056522,-0.0016588448926513231,-0.0016386573558513284,-0.003322950346223763
2024-04-08,0.006629437807915951,0.005445601797090565,0.0053366059215859026,0.0028803496123338316
2024-04-09,-0.0024779087986062046,-0.0036232186021593615,-0.0035428382162184116,-0.0013924427708248562
2024-04-10,0.006341962504886145,0.006745803847621115,0.006681537193307552,0.004931755037901677
2024-04-12,-0.010472379428566929,-0.010632960252271902,-0.010612992333958054,-0.013005335400206453
2024-04-15,-0.009056840082130093,-0.008744396706437726,-0.008872208293289555,-0.008928253766288037
2024-04-16,-0.005438653038688051,-0.005187397866849122,-0.005193582780271261,-0.002998653727064668
2024-04-18,-0.006027139010005375,-0.009538994735293462,-0.009592761676681315,-0.009841871487345418
2024-04-19,0.006712198015949949,0.003686578486553645,0.003844777748545483,0.002886752522113683
2024-04-22,0.00884766464168704,0.009863222952185701,0.009790436095859882,0.011099044267772865
2024-04-23,0.0019021609573175058,0.00038571129799672154,0.0002123879725617034,0.0035241947496494554
2024-04-24,0.0012583509123392268,0.0007566735446080486,0.0007007926727348924,0.003035613688782672
2024-04-25,0.007923271531094468,0.01432007612013258,0.014023442692155993,0.014480680466503934
2024-04-26,-0.008317227068094952,-0.005978528163820665,-0.006049740341489424,-0.005634824467836885
2024-04-29,0.00948093988890564,0.00864649311324612,0.00859918486855396,0.009515988716860315
2024-04-30,-0.002076638067569896,-0.0021275086223294455,-0.0021871727490800023,-0.004268377095727931
2024-05-02,0.0021295765005164744,0.001148313485173836,0.0011769584538878224,0.00166851976435956
2024-05-03,-0.007849174159616735,-0.009757436032052265,-0.009842494433073088,-0.009099652406606972
2024-05-06,-0.0019411280542842456,-0.0059303201376016065,-0.0061746405969335585,0.0006238166034834709
2024-05-07,-0.003531965665176019,-0.00535667271326319,-0.005428494470163952,0.0002887747943011489
2024-05-08,0.0008199227903425166,0.0032100315619003894,0.003130828354706527,-0.0004569305579811403
2024-05-09,-0.0155431213536578,-0.015205216935104893,-0.01535847850893321,-0.01409289735405122
2024-05-10,0.006159042301366708,0.007326675145023693,0.007475819179472842,0.0074015301429527485
2024-05-13,0.003165548254327093,0.0013966491639306124,0.0012154837864788287,0.006426855513039352
2024-05-14,0.004699202870835016,0.006378578794021446,0.006433380182870081,-0.0007121840006015794
2024-05-15,0.00028894166969623583,0.0021242671998013786,0.0020370799453083748,0.0013913451576412802
2024-05-16,0.008962626813132387,0.008575192469167946,0.008589921549339718,0.00937180630609667
2024-05-17,0.0017041804725755952,3.7037347166875195e-05,6.016022766539822e-05,-0.0036839891100380615
2024-05-21,0.004169041308846898,0.002883084998857561,0.002690586001623832,0.003818976829432888
2024-05-22,0.0046401003509962116,0.004400339399168368,0.0043589312571277366,0.006265747161336703
2024-05-23,0.014855926387912357,0.01497260170127327,0.015006865142174825,0.009079740131593877
2024-05-24,-0.0015477619422253213,-0.0010172902852889287,-0.0010473681390474976,-0.002384810688835155
2024-05-27,-0.0017397984504916135,-0.002659594192751782,-0.002797413952197787,-0.0031893929438302935
2024-05-28,-0.0026175677859461093,-0.0031637679336253425,-0.0031479680021596606,-0.00017467933542119948
2024-05-29,-0.0069728094117004775,-0.006584680230381265,-0.00669207982487225,-0.0027989630885443292
2024-05-30,-0.011082121756493039,-0.010112297254241842,-0.010148975514194726,-0.010759366772259643
2024-05-31,0.000631425985906382,0.0008390235367894595,0.0009350681533592879,-0.004829005266123519
2024-06-03,0.03349470865140721,0.03438862789546646,0.034219515712460374,0.01706522532095535
2024-06-04,-0.05860886700929141,-0.065409476724206,-0.06513072625341643,-0.03361642330661174
2024-06-05,0.031530888983400715,0.02639109305170949,0.026337665617148315,0.029823926695251843
2024-06-06,0.009375671189115132,0.011953395688421953,0.011962280580395288,0.004835215239255611
2024-06-07,0.022237335784093232,0.02315055622418376,0.023139833686836385,0.021273076267907483
2024-06-10,-0.0010802237041027361,0.0014688774476734141,0.001350044851619593,0.002254582283257975
2024-06-11,0.0004505565025807444,0.0019120985687612888,0.0018737141209149,-0.0022394835388579275
2024-06-12,0.0024386002824247745,0.003377569916359075,0.0032922149269846573,0.0015914478007175274
2024-06-13,0.0031819017151284924,0.0036722608950248664,0.0037835981402900426,0.00021772170641538686
2024-06-14,0.0021612654683601513,0.0004352298021128806,0.0003906032349881229,0.0007833565183942797
2024-06-18,0.00296399074599592,0.00173560878536061,0.001712529244776169,0.0022460241193553616
2024-06-19,-0.004689371641739088,-0.008391262866169258,-0.008417547345453653,-0.009472019230360486
2024-06-20,0.0015565614441975727,7.187924870999052e-05,0.000138499699985691,-0.0027297175982969077
2024-06-21,-0.0022996439284537614,-0.002425893830952063,-0.0024425594075559434,0.00046661909158255636
2024-06-24,0.0006419549345452766,0.0026068445302850386,0.0026043260985007793,0.005447872285895427
2024-06-25,0.005362848282884615,0.005567254079469641,0.005589816333873449,0.0036554279290517125
2024-06-26,0.008688301091745882,0.011798385834074268,0.011808605952396536,0.009459284258498492
2024-06-27,0.00890063144520496,0.009360035469380912,0.009354022721814894,0.007735715105209771
2024-06-28,-0.0003289334037230522,0.0013391660209552867,0.001396397477347749,-0.002309546984397395
2024-07-01,0.005305065147198038,0.0024392772487385607,0.0024325809260460672,0.005302921864586325
2024-07-02,-0.0006006841739335527,-0.0005933972089090429,-0.0007358976272874451,-0.004704942532996829
2024-07-03,0.004792151452106132,0.0030083144076190117,0.00294256710541223,0.0030854007186630686
2024-07-04,0.0008198240331442364,0.00272351059347878,0.002902538329240398,0.003908202482674899
2024-07-05,0.004168900964218568,0.0055012418637624605,0.005852894128885819,0.005845444223282492
2024-07-08,-8.614723186891178e-05,-0.0005704128209893072,-0.00046785301406516744,-0.0013384770675582889
2024-07-09,0.004479450381208038,0.007779032602411185,0.007829221543013213,0.013969113977407603
2024-07-10,-0.004279616612094585,-0.004763025684834463,-0.0047112617248792395,0.00011348360278951013
2024-07-11,-0.00015161522787528696,-0.00011040671362678475,-0.0002731108430486891,-0.0012790748178385923
2024-07-12,0.010273852944834957,0.008169208844477407,0.008009716984719636,0.0070516349127195425
2024-07-15,0.0037118806264546693,0.0045771625209457,0.004515541359680495,0.002220990551404558
2024-07-16,0.001147110591573423,0.002706305859632313,0.0030392757333002223,0.0058226413875584245
2024-07-18,0.009058761512724873,0.009069858875387408,0.009354390395296328,0.008420324948047488
2024-07-19,-0.01187202583827304,-0.013390738007848572,-0.013399101946141028,-0.008210185080445279
2024-07-22,-0.00342794126251457,7.64302867254729e-05,0.00011150645963941892,0.002417412744931655
2024-07-23,-0.000280288168731471,-0.001653092011557537,-0.002000460358911052,0.007275314542006308
2024-07-24,-0.0031010995890068263,-0.0012320309769279073,-0.0014840447424452642,-0.004431387684234351
2024-07-25,-0.0002770752891094944,0.0010282237113078204,0.001103437620316191,-0.0017135834794086335
2024-07-26,0.017292917334011473,0.017562289898433742,0.017345734692681563,0.01957120867371862
2024-07-29,0.00036962117523119505,0.0013137960193987082,0.0017601460611500282,-0.0035704913165884055
2024-07-30,0.00035107206126591217,0.0012836775658575058,0.001205989272419834,-0.003215086479759885
2024-07-31,0.004351937539426508,0.006396828866912688,0.006546794560825621,0.006221443103405301
2024-08-01,0.00320538635751884,0.0038139644509701674,0.0039251444781808285,0.0042291482970774645
2024-08-02,-0.012643240617952444,-0.013761293510881156,-0.013785116270231835,-0.0066714937238677875
2024-08-05,-0.027156604360556304,-0.027076713720962372,-0.026964032525543143,-0.014289609105915735
2024-08-06,-0.0014969652806118739,-0.0028984663329636798,-0.0027904217706033966,6.780102721638569e-05
2024-08-07,0.012972250969062247,0.01353587159117095,0.013448179238380297,0.008453980615562625
2024-08-08,-0.009000067526583442,-0.009096926653604986,-0.009194334602561551,-0.005844143123755176
2024-08-09,0.011036403371863394,0.010481379883043061,0.010443663275055092,0.006897757471699152
2024-08-12,-0.0018475420209065861,-0.00288753011018899,-0.002940462066476144,-0.0014177745806626875
2024-08-13,-0.00662176587238503,-0.005745466190268861,-0.005575677191229126,-0.0024831097878456497
2024-08-14,0.00031811284352899986,-0.0013951734432750334,-0.0013503344767141563,-0.002870893711122282
2024-08-16,0.016310015471116296,0.018435314605979178,0.0187189919577624,0.013301123515383208
2024-08-19,0.003615157880577285,0.002756567771424599,0.0027889631912924495,0.0006639394945356969
2024-08-20,0.004795349401949159,0.004476831060319493,0.004497091292545731,0.0034574367798181275
2024-08-21,0.003508193423988408,0.0034625215868832287,0.0035428574818243273,0.007152161319580646
2024-08-22,0.0008775369273737254,0.0012373906745462115,0.00110720912418867,0.0014640756699101749
2024-08-23,-0.00018784603156610312,0.0018463077514648525,0.001780950035892984,0.0012393933113485297
2024-08-26,0.007900082632854941,0.006520643433260985,0.006463690871270245,0.003799661590348329
2024-08-27,-0.0010068916938676025,-0.0016722356493268208,-0.0017074703026942817,-1.5916564561559294e-05
2024-08-28,0.0012319811554895171,0.0010907470572294239,0.001070729627612006,0.0003120776963908816
2024-08-29,0.004406333005782532,0.002957332448641274,0.0029096433087923874,0.003964661766032036
2024-08-30,0.00400686862829011,0.00463628951915726,0.004605691136131462,0.0070903424337992495
2024-09-02,0.0017150419763414062,0.0002895567103018889,0.0001766634383316889,0.0014548355457818757
2024-09-03,-0.001015636772951163,-0.0003556504229588948,-0.0003169635258679211,0.0015342167725482258
2024-09-04,-0.002733677254341955,-0.0031013172692912257,-0.003162664269390194,0.0018561138972798962
2024-09-05,-0.0026388174985095395,-0.0033499708459765547,-0.003388280277579889,-0.0029027339389229097
2024-09-06,-0.011046265167915882,-0.012687180191471085,-0.012642769843730467,-0.005430103246792061
2024-09-09,0.002109288975163913,0.002509818112005491,0.002667478093240016,0.007534629535783251
2024-09-10,0.005261778151005295,0.005260580279731651,0.005267641219264408,0.004889765519830285
2024-09-11,-0.004861071425024199,-0.005932092917309961,-0.00589296670805393,0.00031698999389256953
2024-09-12,0.0192483499261991,0.020887409576175145,0.020893722714091525,0.015405959913421283
2024-09-13,-0.0008715174063612202,-0.002376354808809746,-0.002341893766883081,-0.0032241910469277893
2024-09-16,-0.000421278020594908,0.00010077561538939658,-0.00013460454993047643,-0.002370024309042759
2024-09-17,0.0012483344473971526,0.0023465875369360276,0.002365493650585849,0.0036423377688314384
2024-09-18,-0.004026921114221355,-0.004588580635140037,-0.004669431009005683,-0.003702944547094844
2024-09-19,0.0005548180820408276,0.0006664155280488937,0.0005156653288104455,0.004371839433472229
2024-09-20,0.013557379048294948,0.014040922757429845,0.013949569712538088,0.0156406619098608
2024-09-23,0.006043556646778421,0.009287378830802308,0.009236979311102482,0.006535503804159067
2024-09-24,-0.0002637710300778275,-7.600724518203072e-05,-5.61650645695811e-05,-0.0032738209897781264
2024-09-25,0.002834268083722167,0.003505225066150415,0.0033801816394195576,0.0025068019522718767
2024-09-26,0.00814860041925953,0.009301891439845708,0.009327601600091674,0.010263661310608936
2024-09-27,0.0007279810152148896,-0.0017958832912286003,-0.002007961494599589,-0.002329318378956878
2024-09-30,-0.012332608400220692,-0.01390871203837059,-0.01370742438193037,-0.011540326435864308
2024-10-01,-0.0005528059210097668,-1.373828420986095e-05,8.951281117085058e-05,-0.00012494791813855637
2024-10-03,-0.02001423123295545,-0.017117898313048736,-0.01687662520677956,-0.014274008403540964
2024-10-04,-0.009279055299488338,-0.008875446820970391,-0.009099739591873712,-0.013020238692046594
2024-10-07,-0.0085647919417832,-0.00818626940525045,-0.008115500005326516,-0.003582677677416002
2024-10-08,0.006227441002554547,0.008454110717009898,0.008409385131773276,0.003329198468898145
2024-10-09,-0.001111543341371178,-0.002112345253386685,-0.0023350763775632573,-0.001885459094892563
2024-10-10,0.00024531015807588484,-0.0022711221661018207,-0.0024900207340288155,-0.008006192725848807
2024-10-11,-0.0010046580332224787,-0.0010863579198376314,-0.0012189602070837378,-0.002377765650608301
2024-10-14,0.0047094377190386,0.0049532628841609866,0.004795715232229733,0.004777220229631513
2024-10-15,-0.003343050367781166,-0.0006085235029505275,-0.00017407831493040324,0.0008609865626228177
2024-10-16,-0.00221748685265312,-0.0016822340258704832,-0.001582778612961375,-0.0018650314692640947
2024-10-17,-0.007094968806174136,-0.007131476112075137,-0.007505441514739166,-0.010062632985603606
2024-10-18,0.003704343550250154,0.0030900389434270715,0.0028689574557696287,0.00040885893187568535
2024-10-21,-0.004651091153256673,-0.005976586951837018,-0.006086768962323352,-0.0059458166649261025
2024-10-22,-0.012755966784806599,-0.012415488189529868,-0.012242857196568686,-0.007142716857907604
2024-10-23,-0.0016826213326125777,-0.0018815474155110359,-0.0016894169923185034,-0.005516412823984476
2024-10-24,-0.0017711385624047775,-0.001294227739987517,-0.0012709609391447568,-0.010299129500399216
2024-10-25,-0.008536102631346222,-0.008116774412875609,-0.008015744361255742,-0.0009010875779287578
2024-10-28,0.007224320306467125,0.006027435712040366,0.006249107194293638,0.010599843867926288
2024-10-29,0.0043411130898366596,0.004070953322652243,0.004208443739246914,-0.0059887464958401655
2024-10-30,-0.0035309408233340817,-0.003030038231988956,-0.0026655319570157965,-0.0032032445121900474
2024-10-31,-0.006756708645160231,-0.0067709860826924125,-0.007065879455464088,-0.003783015323203263
2024-11-01,0.004268326489100828,0.004404608465083027,0.004291900461072386,0.0018578904739939958
2024-11-04,-0.012841878709837334,-0.015121634783769117,-0.015113024699393126,-0.012826206702251144
2024-11-05,0.007500665616569002,0.005981722129358791,0.0059415939214646045,0.0023190111833843326
2024-11-06,0.013664592916823768,0.015144969120215634,0.015272916426592937,0.013082759737157822
2024-11-07,-0.010348886612807353,-0.012050734004103279,-0.01218764170933699,-0.010323160481751973
2024-11-08,-0.0017621351651158062,-0.001195596152615852,-0.0013406240515557997,0.0023235714934851655
2024-11-11,-0.001640247604730787,-0.0015002310592513756,-0.0017870559724895432,-0.007473565073929736
2024-11-12,-0.00981126360861339,-0.010115135822482973,-0.010258217438263306,-0.014199863675067464
2024-11-13,-0.012772512547512662,-0.013134371538355429,-0.013067088408715477,-0.00984745711291709
2024-11-14,-0.0016817049529043225,-0.0031017163205796765,-0.0032327733444414493,-0.008247422058191019
2024-11-18,-0.0041053688043705605,-0.005404359558874696,-0.005502702479188721,-0.004707162896607118
2024-11-19,0.0016228171735292495,0.001515806462918157,0.001326623488143836,0.003504773549369607
2024-11-21,-0.007289011223133603,-0.005968457819937894,-0.006154525934387238,-0.004416136314468497
2024-11-22,0.026343775562759752,0.024590567741609063,0.024666596949502607,0.020321971304519286
2024-11-25,0.01274236258098526,0.011773510897419084,0.011816700096130882,0.0090159436526106
2024-11-26,-0.001219171188197447,-0.0020907732993709657,-0.0018966519144531736,0.0006316446346117709
2024-11-27,0.0018151995468509699,0.0025377552731181874,0.0024451449185424706,-0.0008783414510162289
2024-11-28,-0.01502742270030394,-0.016255310514762096,-0.01624033982360972,-0.012525795681427298
2024-11-29,0.010814736968808105,0.011293707926868778,0.011411576769628244,0.011044169070922403
2024-12-02,0.006955619788020808,0.007400854627091991,0.007459516074586842,0.004795541389851511
2024-12-03,0.007117019473556891,0.006708794333925743,0.006616672187785428,-0.000241652032753592
2024-12-04,-0.00047355722303476675,-0.0006845737483872238,-0.0005697553687175418,-0.0025174071845604326
2024-12-05,0.010748650306222886,0.00984426268714507,0.009860219992972284,0.008683944673171448
2024-12-06,-0.0024635805180285857,-0.003763403430247349,-0.0037780650429145002,-0.0025873409487933807
2024-12-09,-0.002835515542541552,-0.0033672058240378252,-0.0032314285534413285,-0.0070818655560359696
2024-12-10,-0.000926236529340845,-0.00030340407014016273,-0.000223559991368101,-0.0008342293946186968
2024-12-11,0.0008782538224174565,0.001351717139532435,0.0014281992133449762,0.0037151521654672282
2024-12-12,-0.003344775464032825,-0.003115506703074563,-0.0030944063744284375,-0.003697430327926281
2024-12-13,0.009886636496535404,0.010515993109768109,0.010435549737429828,0.010616189181275612
2024-12-16,-0.005101663460877179,-0.005811540665385405,-0.005801165502006031,-0.0029240209992085035
2024-12-17,-0.013950297339961908,-0.01407161797590071,-0.014153074390145678,-0.01266346003428336
2024-12-18,-0.004668112805771844,-0.004505223525840736,-0.0044982451322122235,-0.0008475447957476686
2024-12-19,-0.010319857471715316,-0.009396672352362195,-0.00948499595275168,-0.0024761419376897564
2024-12-20,-0.015240686722080964,-0.015015997810442726,-0.015022473616313203,-0.007610025496540587
2024-12-23,0.006126982441264553,0.00546842181314595,0.00544578277855106,0.002591564692032526
2024-12-24,-0.0018541070669983095,-0.0004737830993970182,-0.0004109658979277792,0.0014096456200894574
2024-12-26,0.001171519987751989,0.0034322639797278055,0.0033664587120595855,0.0026363556822714333
2024-12-27,0.0017491165245895025,0.0020057353074631836,0.0021263392375919844,0.005242470707010833
2024-12-30,-0.00610615974724527,-0.004141455967079471,-0.004119919373222967,0.0009103916763663284
2024-12-31,-0.00022848719479247044,-0.0018168267888058148,-0.0018850992815979666,-0.0018550081133015624
2025-01-01,0.0037750770378904806,0.00321251624064743,0.0030665737559863824,0.0015277040540928055
2025-01-02,0.01966983399374994,0.01684328478567398,0.016773690249062223,0.012869932423053475
2025-01-03,-0.00625830390896661,-0.008513992631219608,-0.008586867427556755,-0.009776613519791675
2025-01-06,-0.015988034295655117,-0.015462352151664853,-0.015548195251967325,-0.012797161388093161
2025-01-07,0.0030208798305501896,0.001869033765687072,0.001762197319899999,0.0007216071197134163
2025-01-08,0.0026148019767216904,0.0013350069360371394,0.0014032105996701302,0.0007690063663174945
2025-01-09,-0.006966595082965571,-0.005925147316170061,-0.005851501413611203,-0.001176966243410976
2025-01-10,-0.000728879378652976,0.00015605290113964864,0.00039072899757543715,-0.0004371333447476406
2025-01-13,-0.01278287059959132,-0.013371233624018658,-0.013453333258692333,-0.010733732035576794
2025-01-14,0.002105545724354116,0.0026701155527645132,0.0022867282348746193,-0.0017568594128767772
2025-01-15,0.002302601181367373,0.0027527960179660627,0.002806517519451995,-0.0009322678472804412
2025-01-16,0.0033945552307236217,0.0036864004684104374,0.003675663107763135,-0.0023871444003904694
2025-01-17,-0.0005096598178201278,-3.2667718192337935e-05,0.0006563845496647136,0.0012021302121559049
2025-01-20,0.007147869985583974,0.004676177669388792,0.0047577859142783445,0.0016492187388314813
2025-01-21,-0.013295849259219226,-0.015111142149266699,-0.01506868213665168,-0.01116753528218308
2025-01-22,0.007540189086890743,0.0065794887677224426,0.006444039669469877,0.008863781649264898
2025-01-23,0.0018150092124668857,0.0018677749321265994,0.0017544205094420172,0.0031697059532940137
2025-01-24,-0.003554894178662091,-0.0027303478841378373,-0.0027490233779315083,-0.0006347361102989417
2025-01-27,-0.012619652877899868,-0.012402716103252023,-0.012460860411883174,-0.011710945204591441
2025-01-28,0.002906315958854851,-0.00015807012163776028,-0.00023386783056520658,-0.005753816931125097
2025-01-29,0.008903278557034511,0.008971065927271846,0.008903873961258952,0.008355889954405971
2025-01-30,0.005822543842662306,0.00972187809682715,0.009900936933256879,0.01005547883156331
2025-01-31,0.009946760459379249,0.007205954883160204,0.00707735418363109,0.009152139755119575
2025-02-01,-0.0021040484088085255,-0.0022814288379936283,-0.0023340483008216575,0.0022150183032681138
2025-02-03,-0.002861657925165443,0.0002657044294337114,0.00021315946388968297,-0.0011053683535816364
2025-02-04,0.016039129844359894,0.01646500108510176,0.016465616406861734,0.012919787317045949
2025-02-05,-0.0030002211518061804,-0.0026803304698266093,-0.0027337261877642045,-0.00454011334383147
2025-02-06,-0.003749979185127196,-0.0041433962406417805,-0.004273232645069957,-0.0003757571819881778
2025-02-07,-0.0012403669429322851,-0.0009680491400981861,-0.001008140776652713,-0.0032844242797127605
2025-02-10,-0.00695734125888754,-0.007070696886366768,-0.006961464923898828,-0.007089106925063919
2025-02-11,-0.013107512149475354,-0.012742605503311024,-0.012779825245968622,-0.011289996855472955
2025-02-12,-0.0012878387566331955,-0.0027729861233743405,-0.0027102700338125585,0.0004434458558992731
2025-02-13,-9.731195376649232e-06,-0.00036420350359264725,-0.000314717402536682,0.0012919985909184545
2025-02-14,-0.00417682840938346,-0.0049061310851274366,-0.00479296027975263,-0.005797179975851416
2025-02-17,0.0015274621372053042,-0.00010614492241211305,3.061814608246931e-05,0.0034500428817039936
2025-02-18,-0.0005001927521227369,-0.0021652254666865945,-0.002239308545623119,-0.004524227940358046
2025-02-19,-0.0028929375608043846,-0.0026744834465575232,-0.0026050669999655076,-0.0052797379912751345
2025-02-20,-0.0002683843672722143,-0.001257950596215901,-0.0013848394836405882,-0.005131398966736985
2025-02-21,-0.005001357959051051,-0.00854385670872934,-0.00856146671906422,-0.007451189714898118
2025-02-24,-0.012155060604788314,-0.011496401250261398,-0.01155744383012698,-0.007711007986103936
2025-02-25,-0.0004506201779982757,0.00037360665667868405,0.0005868454242949682,-0.0012182732431044356
2025-02-27,0.00012448219213667105,-0.002283221000496125,-0.0021956218899403654,-0.00048712014796525996
2025-02-28,-0.02207078982096068,-0.022688935309740452,-0.022690422474997824,-0.020052439605252173
2025-03-03,-0.00014784111769766225,0.0028836066746574063,0.002757432239878864,-0.0006003698484040778
2025-03-04,-0.0023106764740802323,-0.001375836371974195,-0.001416313619058925,-0.0044220345536593
2025-03-05,0.012220223124767251,0.013473358232699288,0.013836534441799136,0.00980666070310665
2025-03-06,0.012034110208474974,0.008097591839206268,0.007968109949794154,0.008110476339977931
2025-03-07,0.001418080502786664,0.0011833562018219706,0.0012587322997316896,-0.0013322136194258945
2025-03-10,-0.004014178713617983,-0.003150154749553688,-0.0031173869307163124,-0.0004842511712782134
2025-03-11,0.0013154776255560167,0.00236242391007442,0.002181758940469338,0.004152828278009924
2025-03-12,-0.0027728113362117624,-0.0013916635026574426,-0.001222076435837076,0.0005243738994030667
2025-03-13,-0.0033003730548987315,-0.0029067067530089536,-0.0029525165547795227,-0.0026817612201373115
2025-03-17,0.0038418232189296867,0.0033497041629348846,0.0032862699508492098,0.0054659096876911424
2025-03-18,8.471499904484788e-05,0.00014666299672688824,0.0001603496531676681,0.00019455292198355075
2025-03-19,0.014561842916808627,0.014566155382947367,0.014289300069165766,0.012614958762022786
2025-03-20,0.013136016517804995,0.01415815578826209,0.014174082230384476,0.014071281734187166
2025-03-21,0.007034750470746939,0.005553814745220545,0.0053454900229507225,0.006021995615139436
2025-03-24,0.013658732194536477,0.013471532678945812,0.01356794726454146,0.009303524584146764
2025-03-25,0.00031310214616175533,0.0011684152520558234,0.0013550243339303617,-0.0007851232243054462
2025-03-26,-0.007587599182733921,-0.005665251316903062,-0.005534921721617766,-0.005863510814048227
2025-03-27,0.005062399868300917,0.00437236831972937,0.004684780306247825,0.00041970206056011225
2025-03-28,-0.0036050489934499525,-0.0037860450991873606,-0.0037165504642545665,-0.0012164392758419857
2025-04-01,-0.01507048394814989,-0.01771204876434975,-0.017880642301869712,-0.017923361094739885
2025-04-02,0.005588942139551726,0.006918575234111209,0.006915503427277106,0.010245890678556292
2025-04-03,-0.004072187475628918,-0.005376324300863965,-0.005504939589422324,0.0005899242337409225
2025-04-04,-0.017731324405391474,-0.015729850355899702,-0.015704504747764404,-0.014250390507078152
2025-04-07,-0.027727947679602304,-0.02950533433989608,-0.02946570523929744,-0.02084940829417575
2025-04-08,0.016833575598986468,0.016955875182863595,0.016910356988895682,0.016400067693571687
2025-04-09,-0.005354424838673115,-0.005574976439707368,-0.005371181083815425,0.0026842391138848154
2025-04-11,0.018874752245917312,0.019305159725325045,0.019374499904873565,0.014942724318411713
2025-04-15,0.018409645594187438,0.01978048965872009,0.01985387114646153,0.016867651674671174
2025-04-16,0.004654927748280246,0.0029563772250404486,0.0030719363148343165,0.0035930924491691355
2025-04-17,0.016478366133994036,0.015365708373137457,0.01523679530884534,0.010283600428989877
2025-04-21,0.010794952353990805,0.012613338855339844,0.012596598079932955,0.006488610063002146
2025-04-22,5.730091024583648e-05,0.0018031943388388343,0.001903024703189814,0.006794669611985438
2025-04-23,0.00880485521271492,0.00967835551130441,0.009544349643931544,0.009406605594642002
2025-04-24,-0.0031290324975268746,-0.0029074400982650036,-0.002917622379384093,-0.0017673200034366056
2025-04-25,-0.007836770523825459,-0.00713417695252845,-0.007136922436362907,-0.007753159407617345
2025-04-28,0.01270552197349743,0.011040922060265685,0.010965350386541225,0.0057653228943999385
2025-04-29,0.00020245559661133917,0.0012331793932507304,0.0013335365913372892,-0.0006856137268030087
2025-04-30,-0.0010235120324799082,-0.0006947440046551413,-0.0009057145553033058,0.004415710811893205
2025-05-02,-0.0007485131527478969,-0.0020159478416990713,-0.0018598053519826427,-0.006241931748457836
2025-05-05,0.005559281817989643,0.00583972126817934,0.006100796211399117,0.005450898942060543
2025-05-06,-0.0015255869925499647,1.45849570778971e-05,3.595975895231035e-05,0.0010316608177997587
2025-05-07,-0.00030806926074440004,-0.0002772222003644916,-0.00025488677161394007,-0.003037013178498584
2025-05-08,-0.005460568109802514,-0.007240771233380354,-0.007335506675989709,-0.0054562905735108455
2025-05-09,-0.01006174569031851,-0.010982213184253646,-0.011086068087984926,-0.00873945923376635
2025-05-12,0.035791845280275944,0.03534697868894757,0.035599194156670635,0.027622153998808584
2025-05-13,-0.01417924179020298,-0.01497638943321413,-0.015097724343123512,-0.010328471003849262
2025-05-14,0.004148316081634667,0.004193007566905394,0.004196923040029882,0.002373135315213891
2025-05-15,0.014776192706884971,0.014617388257109131,0.01461324264828483,0.009579199654839641
2025-05-16,-0.002622396132690628,-0.003745298493310476,-0.00376299440380926,0.0017301099509171645
2025-05-19,-0.002677777354708014,-0.00022341148858050862,-0.00013644715533515722,0.0007465969965773998
2025-05-20,-0.009972544171944056,-0.009917041589456343,-0.00981494619691899,-0.011375212678463644
2025-05-21,0.004763361495174083,0.00522033651506983,0.005238014892338461,0.007386520460753905
2025-05-22,-0.009103806020591682,-0.007960477122245485,-0.007939864647304541,-0.008641643388590496
2025-05-23,0.008823564418494158,0.007180196042358669,0.007272499991682838,0.008246235560817416
2025-05-26,0.006868215206185747,0.008871649492168352,0.008998164110359171,0.010189091906447404
2025-05-27,-0.0075630359165743755,-0.008747284701698388,-0.008899783623821572,-0.0061255015759154536
2025-05-28,-0.0026007736762118957,-0.002715283475715023,-0.0027055257245549615,-0.005282496382620851
2025-05-29,0.0031729902112521942,0.0024204647230330954,0.0022977317563061153,0.0034126489570240415
2025-05-30,-0.0034422888031476508,-0.0027483229720363426,-0.002725540168598688,-0.00388834195414295
2025-06-02,-0.0012791476348556448,-0.0026922931091125078,-0.0027400194974934416,0.0004989895351039553
2025-06-03,-0.007366746264031114,-0.0067863479556150635,-0.006753007952500413,-0.005574093856560292
2025-06-04,0.0031262380277524704,0.003584607473642776,0.0036509600807127255,0.00202484513709324
2025-06-05,0.0039041607588720696,0.004517597452106641,0.004589954534343754,0.007397805024275531
2025-06-06,0.009526921005596342,0.008608275904492351,0.008504995969233101,0.006148239049194923
2025-06-09,0.005100540779328542,0.005035949230539717,0.004893334555063875,0.0050157676500553776
2025-06-10,0.00040447915099727964,-7.547529186382501e-05,-5.8659125059026464e-05,0.0022471917302762097
2025-06-11,0.0023677684085227127,0.0026434479597000934,0.0029117781800342664,-0.001310613328693742
2025-06-12,-0.009228356152170134,-0.007683866968479995,-0.007650993848853049,-0.007105258678644712
2025-06-13,-0.006367224419982383,-0.006583284416121697,-0.006604015337170175,-0.0052373739065698565
2025-06-16,0.00917484393555806,0.00984330522620627,0.009910642032953712,0.0052337883033768545
2025-06-17,-0.003376461606837399,-0.004357404539544246,-0.0044011170631701015,-0.0067090083021886845
2025-06-18,-0.0023675237787778693,-0.0028227411607377384,-0.0027850885383353535,-0.004460012975222842
2025-06-19,-0.0013139381350389901,-0.00014578372009752994,-0.00011802430912998712,-0.0014882979803403492
2025-06-20,0.01213225917322147,0.013766677375448292,0.013905014563084343,0.00925636827715503
2025-06-23,-0.005792045456025199,-0.004910438629007567,-0.004921192727125991,-0.004211667491252078
2025-06-24,0.0018355235835968463,0.0015895958140663218,0.0014681406231438932,0.003190274949312739
2025-06-25,0.009364041596460829,0.008862627483314598,0.008813656123527325,0.007170810227949067
2025-06-26,0.011249069693949443,0.012139590942539863,0.012372037482941713,0.00676195875466701
2025-06-27,0.004929606758201324,0.005639559256197168,0.0056542046155922,0.004393531489327734
2025-06-30,-0.00427288631658103,-0.0049145371262929415,-0.0049252950812093965,-0.002766310133122997
2025-07-01,0.000995674211219251,0.0010051647329671974,0.0009332103004084551,-0.0040640027837843635
2025-07-02,-0.0019917234966173652,-0.00319496553437293,-0.0032101098991172603,-0.0023302426913125777
2025-07-03,-0.0024285040028708,-0.0028602524529809186,-0.0028304282548254674,0.0009570367174796604
2025-07-04,0.0043630208597498195,0.0047034277885518155,0.004696568956842068,0.004519630922794168
2025-07-07,0.0012456726571558425,0.002084346995025767,0.002060316339802625,0.006497186617884587
2025-07-08,0.001508859936308237,0.0023481494256575213,0.0024517708972196105,-0.0006407666207587718
2025-07-09,-0.002032534977252196,-0.0015962420657218504,-0.001595764197258519,0.0019326672104037744
2025-07-10,-0.004639252848721201,-0.005202876692460248,-0.005224434916515372,-0.005107395071903873
2025-07-11,-0.008674996964191875,-0.007992867583819637,-0.007998229326525913,-0.00018329857987365198
2025-07-14,-0.0035858345738416287,-0.004068552309157205,-0.0040784840196875834,-0.0010291346960544063
2025-07-15,0.004409711936974264,0.004940293591852217,0.004867357667547596,0.0077672098298847215
2025-07-16,0.0014506848838551566,0.00028016028860222827,0.00029893405961477356,-0.0011457371936777242
2025-07-17,-0.0038268730099034437,-0.004188434873744815,-0.00418072305511254,-0.002364029244281042
2025-07-18,-0.00336351905905911,-0.0023128235446931863,-0.002230911700418519,-0.005618363318630805
2025-07-21,-0.0001167683363354229,0.0011716329453234891,0.0012500189838587528,0.002966251907605087
2025-07-22,-0.0030845978669500106,-0.0033086896422638546,-0.003352552863294924,-0.0026142967941083354
2025-07-23,0.006099824929929671,0.007397233673946869,0.007443742639423819,0.0031184156835360566
2025-07-24,-0.0074080395468621935,-0.00715251978408411,-0.007148326061091369,-0.005644420149799619
2025-07-25,-0.008971626714011041,-0.008628036180452294,-0.008670140565448799,-0.003604662838890201
2025-07-28,-0.007856705755200187,-0.007173563060319173,-0.007008814717498872,-0.0013032444174858357
2025-07-29,0.006130712667438877,0.006753515197939403,0.00679132871320451,0.0032547468527172356
2025-07-30,0.001837984726359525,0.002707952387512479,0.0028043690810239798,0.0011504751384368323
2025-07-31,-0.0042327839944745526,-0.003957719424164825,-0.004004574044993894,0.001035476400366717
2025-08-01,-0.008289778058476882,-0.0077444157120226086,-0.00771560414675548,-0.01001008726486547
2025-08-04,0.00832637779910523,0.009460330224585301,0.009408679399242377,0.004491961743415983
2025-08-05,-0.0024209971880944413,-0.0015424475143238842,-0.0015694424969705679,-0.00674069346577066
2025-08-06,-0.004085882538604559,-0.005238895091114952,-0.005237006033640222,-0.01199963713815001
2025-08-07,0.000917118379039543,0.0014217285083330845,0.001421891321075432,0.0022416799047283577
2025-08-08,-0.009356097377001642,-0.010330425342438708,-0.010275028756798895,-0.008845427007824633
2025-08-11,0.0077267235597781704,0.007174959155990181,0.0071718937760664086,0.006561861847836085
2025-08-12,-0.002387462106911798,-0.0039024719050220536,-0.003972774649089902,-0.004969148979676033
2025-08-13,0.004109047570905692,0.0039686876673391035,0.004012196120188264,0.0073394023733912815
2025-08-14,-0.00011769539244873629,-0.0003651157387726213,-0.0003808157507496775,-0.0006335355341936709
2025-08-18,0.011937343375425425,0.012107011578525536,0.012005182398396565,0.008859235696471257
2025-08-19,0.004834598812082043,0.005377958242473906,0.0053647127628607206,0.0010918623056981568
2025-08-20,0.004483917933549714,0.002108023847006754,0.0020589895844541437,0.0063699840166105
2025-08-21,0.0014965463259389803,0.0027918265072637287,0.0027984747673359682,0.0016953755898799926
2025-08-22,-0.008526473942015547,-0.008302364606855593,-0.008325575379170969,-0.0066352497617465185
2025-08-25,0.005365661014203587,0.004973783580208525,0.004913371014885603,0.0047238232818040075
2025-08-26,-0.008976250521411095,-0.009831053511638656,-0.009890034041675936,-0.0025626446908422855
2025-08-28,-0.007875773091218563,-0.007582524234030362,-0.007577781539957853,-0.009422373994579361
2025-08-29,-0.0027909588482087555,-0.002834207014427424,-0.002884566735858533,0.0035096050147972973
2025-09-01,0.006826453501662736,0.004788991640658558,0.004871134662443613,-0.0003288184162354565
2025-09-02,-0.0004159626039301374,-0.0006255641019831246,-0.0006143874556192517,-0.0027860809747002053
2025-09-03,0.004680353922763083,0.006210851261359229,0.0062533665465575455,0.005897917731203447
2025-09-04,0.0011251817203416505,0.002978490841957356,0.003009640876385253,0.005073482465521906
2025-09-05,-0.00029609490041899555,0.0003496955799089274,0.00031932821379851244,-0.004669855109475287
2025-09-08,-0.00023124578329927403,0.0007598276925008113,0.0007969529000006048,-0.0017506070377868348
2025-09-09,0.005631902598159261,0.0044761195368646645,0.004463382407768654,0.005870772746804801
2025-09-10,0.004503998746927251,0.004264991031398886,0.004358150912995577,0.004988322777617793
2025-09-11,0.0020556353914856834,0.0020931689380899007,0.0021233548364569844,0.0022421959361447518
2025-09-12,0.003881320090649697,0.004247910100293252,0.004285821806303302,0.0010857082732981084
2025-09-15,-0.0018112511411948874,-0.00040289123008355567,-0.0003578613982396133,-0.002679871901618169
2025-09-16,0.007587761969157458,0.006512811234765664,0.006452249303479694,0.0035785940426473883
2025-09-17,0.0036556033545375316,0.002054857082008685,0.0020073939909790407,-0.0023508159047873063
2025-09-18,0.002731455419812596,0.0031548063249260804,0.0030842341572010707,0.006490312727439856
2025-09-19,-0.0027317169080951567,-0.0031685022492518003,-0.003160623211475163,-0.0038776545210661185
2025-09-22,-0.00612674507023558,-0.005813637260261326,-0.005795675219613735,-0.00694758935370819
2025-09-23,-0.0006051426390323116,-0.0010710253659605574,-0.0010673174291324417,-0.006777013810048511
2025-09-24,-0.002849323310794807,-0.003828396332254109,-0.0038307497559780194,-0.004268717066560006
2025-09-25,-0.007339529627014977,-0.006999326554794159,-0.007005746034586083,-0.006774933995422962
2025-09-26,-0.00986137129154141,-0.010586513780700873,-0.010519980293343853,-0.010901226141197257
2025-09-29,-0.0004930195714911824,0.00023021197881012098,0.00023033924019090295,-0.000764371006161341
2025-09-30,-0.0004776590464675481,-0.0013197744007805029,-0.0013304758616498903,-0.0018780171352511296
2025-10-01,0.00573038642356103,0.0046012880105316765,0.004541352525694093,0.010688277210485592
2025-10-03,0.0030607144158173137,0.0016743043021401234,0.0016339297037891816,0.0027148306746766003
2025-10-06,0.006888579747606994,0.005899996799012819,0.005871526903091204,0.0018628778009255407
2025-10-07,0.002098942342322142,0.005710149914977054,0.005686354391845579,0.003850146479135018
2025-10-08,-0.0017629849406427618,-0.0017612370435271065,-0.0018729070528294798,-0.0014719696308785836
2025-10-09,0.00559335793449374,0.004730285946303873,0.004690770478670928,0.003949749340776524
2025-10-10,0.004261580384203144,0.006285591059658462,0.0062808512639202,0.009536300882780051
2025-10-13,-0.0016888598286968787,-0.001622442603351303,-0.0016740232148922077,-0.0026699672457025075
2025-10-14,-0.0041350646796963755,-0.0025755538710200768,-0.0024322945936130474,-0.003532608917267834
2025-10-15,0.00790183321955216,0.0074812791480731704,0.007415859135289724,0.004374541931622723
2025-10-16,0.010564212802294642,0.010567754715183836,0.010575763478192524,0.012387667810326507
2025-10-17,0.005304578697636737,0.0064396412827194055,0.006357570273285451,0.010889717359106859
2025-10-20,0.007903765630243953,0.00762286179855224,0.007730338469904707,0.0007345110861163878
2025-10-21,0.000667286581501177,0.00027124442818663873,0.00030737271532607207,-0.00011311258665600505
2025-10-23,0.0011811460110782062,-0.003159229425061365,-0.003329773912893756,-0.00011645864020903474
2025-10-24,-0.0034515484005415743,-0.004769096685430597,-0.0048541158277743,-0.006108607196715721
2025-10-27,0.007953615177330587,0.0089577914276824,0.00904890077794532,0.001183886102416221
2025-10-28,-0.001753512849467195,-0.00140123377587559,-0.0013293617383546494,-0.004394065291052
2025-10-29,0.005316870608133716,0.003120484340564884,0.003005296324744492,0.0007634364477090305
2025-10-30,-0.006182215389838282,-0.006821136687616993,-0.0069230573874934824,-0.0075344097277257865
2025-10-31,-0.00436849382160221,-0.003989071417569717,-0.004009512844297434,-0.0035038152445047758
2025-11-03,-0.00010088244307758908,-0.0007796033642491519,-0.0006321177805117171,-0.004026930743599139
2025-11-04,-0.004569234267031693,-0.0030223800456098317,-0.002891355685179747,-0.004690893865444718
2025-11-06,-0.0018004494134614465,-0.0010782394578900554,-0.0010010400985502222,-0.0010183268541683072
2025-11-07,-0.002290010896661485,-0.0011725780194120812,-0.0012826901675662777,0.0018894684145077062
2025-11-10,0.005273246747330008,0.004051097181188312,0.004011314596293007,0.001973501282182288
2025-11-11,0.002121974660067831,-0.0006339992496959758,-0.000574935391067285,0.0029001211324907717
2025-11-12,0.008056825531428802,0.006048002895712749,0.006091648216582104,0.0022043313442048043
2025-11-13,0.0007074107214653743,0.0006393835343118437,0.0006957613394063201,0.0009660609011276264
2025-11-14,0.0014078947056266262,0.0005297891894555894,0.0005002281251555361,0.0021025124065353114
2025-11-17,0.003967616395365107,0.00433485371104653,0.004354218778142963,0.0036228956726171383
2025-11-18,-0.002858748627997908,-0.003051386620395863,-0.003070318133154664,-0.0026578413969803854
2025-11-19,0.005772801309804302,0.003453292298731869,0.0034567544108687434,0.0036728392182027838
2025-11-20,0.004768380898058309,0.007106713209161537,0.007169438013968206,0.0015159764076724024
2025-11-21,-0.004272557140317013,-0.004754183884120335,-0.0047694666438808314,-0.0019155677148195598
2025-11-24,-0.004342592894121753,-0.0038888509090581717,-0.003708636607909109,-0.003749751194778665
2025-11-25,-0.0021064715194662165,-0.0018490488296169887,-0.0017332185987670335,-0.002608538011355715
2025-11-26,0.011849386431160758,0.011844182220997607,0.011866283748225941,0.009207258116073511
2025-11-27,-0.00016122466847266802,-0.000995663256822147,-0.0010537121213983372,0.001356640261935569
2025-11-28,0.00033762249985045686,0.0008772839213027053,0.0008714349515856259,0.0017956941264165777
2025-12-01,-0.0008979222985505367,-0.001515863248480132,-0.0016057356678644814,-0.002175134120010704
2025-12-02,-0.003608706138135207,-0.002847238401211458,-0.002786974431102405,-4.3704730354827045e-05
2025-12-03,-0.0020416680524324867,-0.0027149928531449135,-0.002772197818858192,-0.0024330969465608276
2025-12-04,0.0030045428546283705,0.0020973084580923128,0.002097047745276347,0.00199522489703409
2025-12-05,0.00540953903217698,0.006799098017712235,0.006886299739940236,0.0023353331922586515
2025-12-08,-0.007717890476348007,-0.008721031480737421,-0.00872024566846465,-0.008879275675886365
2025-12-09,-0.005483493634944516,-0.005509435782563793,-0.005514204941146547,-0.004331792083640034
2025-12-10,-0.0017932793461920339,-0.002066159550727019,-0.0020651035739824688,-0.0024703565620546033
2025-12-11,0.004221161100361592,0.005206465983360453,0.005244677307708947,0.005527036936767817
2025-12-12,0.0062023900781684,0.008823743056680091,0.0088774050229625,0.002037533818720163
2025-12-15,-0.0009081931985364623,-0.0011342897209590964,-0.0011421352286073094,0.003165123673440875
2025-12-16,-0.005831487205250143,-0.0050891130967284015,-0.005006814815848851,-0.0014038932804791404
2025-12-17,6.208770188119564e-05,0.0006262384108496372,0.0007125026813401839,-0.0007809214396622413
2025-12-18,-0.0002790480565111222,-0.000700781129360308,-0.0007046826759466139,-0.00249675335306579
2025-12-19,0.0048407939167644095,0.005212648696561884,0.005249219258685442,0.004033266123210929
2025-12-22,0.007886968448467362,0.007452027833053613,0.0073539629530865,0.00486288037584015
2025-12-23,-0.00038140868100865113,-0.0004620070332738017,-0.0005295048987640445,0.0017679894446994049
2025-12-24,-0.00206918811976835,-0.0016126301484394629,-0.0015882312362059485,-0.0028573662299082123
2025-12-26,-0.0036013472873690708,-0.003548402688362462,-0.0035106787678176057,-0.003765088249272647
2025-12-29,-0.004329372135794606,-0.003261098220755745,-0.0032274379510387374,-0.0018737246592136472
2025-12-30,0.0004264119904326463,0.001295236225318556,0.0013183819400922102,-0.00033838405664815747
2025-12-31,0.007529275354813019,0.007372319749455216,0.007309920614218488,0.00405467673535643
2026-01-01,0.0007301752850784896,0.0011484732219587544,0.0013786937627836373,-0.011362614706605285
2026-01-02,0.007665313078555224,0.008216279099495996,0.008433179938052308,0.0050020613372269125
2026-01-05,-0.0025142100721756064,-0.001761952320138846,-0.0017822984656462823,0.0019235093263346985
2026-01-06,-0.0017383825095793502,-0.0026114861671466573,-0.002473365965495884,0.006645366896316208
2026-01-07,-0.0016414654772875011,-0.004016918329887782,-0.004174830494429996,-0.005130458246300682
2026-01-08,-0.012347066649336548,-0.010894626434084193,-0.01088187772636659,-0.00835649804672732
2026-01-09,-0.006192151953003869,-0.006066781607973173,-0.0059614769153463806,-0.009091242725313873
2026-01-12,0.005510826868696029,0.004827071269487086,0.004949245022408786,0.0058084468685534255
2026-01-13,-0.0027132709968017035,-0.003294928055155906,-0.003202065445913273,-0.002387422362232621
2026-01-14,-0.003120064756994291,-0.006034995740656146,-0.0060716019829676815,-0.008331113014388701
2026-01-16,0.0029736302281435627,0.0010891424575388531,0.0011361364125385526,-0.0033879422718474782
2026-01-19,-0.00482397351738306,-0.0026393000774429494,-0.002648532565380385,0.0037163120332891603
2026-01-20,-0.014893926874295568,-0.014812056787194985,-0.014697941951283771,-0.012244245537110388
2026-01-21,-0.0017535582789714695,-0.0023990897943396974,-0.0023510417754600424,-0.007543596905606477
2026-01-22,0.00643956466000486,0.0053787805626535875,0.0054707026008971975,0.009663722232666731
2026-01-23,-0.00848488314387453,-0.01101338950055192,-0.011101123912730833,-0.005631647664842239
2026-01-27,0.0043103862024766034,0.004030379240368024,0.004334583610524946,0.00233579420310994
2026-01-28,0.006104495461085739,0.004184462317969568,0.004324564225892539,-0.003411776776027549
2026-01-29,0.0017012776823287776,0.0007562330961037178,0.0007957823540540137,-0.0039772132103228774
2026-01-30,-0.0034390532525059017,-0.0016265809368845455,-0.0017505270305142487,0.0031750059166452574
2026-02-02,-0.008430708055020228,-0.008463145972407769,-0.008561795838394138,-0.011348306372600881
2026-02-03,0.02523410289583579,0.027708438358621457,0.027796247078605885,0.02024838572141726
2026-02-04,-0.0007165150625146984,0.0032075619602041075,0.0032478731206561744,0.007947025330408372
2026-02-05,-0.004568190413206834,-0.006055967272369296,-0.006090101142379102,-0.004476437441592723
2026-02-06,0.0029111729918021405,0.0026111070414163106,0.0024563230274961497,0.008044055435781147
2026-02-09,0.0073240091999266154,0.008808606599012496,0.009014597444033432,0.0075978138890605736
2026-02-10,0.0017375142344775217,-0.0004548800242724044,-0.0006915477351119756,-0.00030897363447904047
2026-02-11,0.0011844282301069022,0.0049925418147937885,0.005277372556586911,0.006753255415131773
2026-02-12,-0.0079819147505128,-0.00430203963251022,-0.0042237022790674915,-0.00010060669404980399
2026-02-13,-0.012764235033021888,-0.011002026097489768,-0.010952475437137729,-0.012890588077608026
2026-02-16,0.008080579921461425,0.0062987664184871,0.006282252049072796,0.009389473799009335
2026-02-17,0.001758030882281491,0.0016523801079228898,0.0016031089186476413,0.00533108377946735
2026-02-18,0.0035905956197002146,0.0036381665566384913,0.003502383690574614,0.004113351850981062
2026-02-19,-0.01348519253205718,-0.01488748849845865,-0.014804500182679644,-0.013270933704275043
2026-02-20,0.005232910261728993,0.00470147106041663,0.00466364420539974,0.0034167648653400597
2026-02-23,0.005573964505087892,0.006540196150196506,0.006547146540343337,0.007650908853791359
2026-02-24,-0.009755184990457237,-0.010409144719309777,-0.010470613332590487,-0.006122656776523275
2026-02-25,0.001784051874505941,-0.00045495243048273453,-0.0005516753861399343,-0.0007596636932674169
2026-02-26,0.0017445644616435809,0.0033802059898931196,0.003462263767202649,0.0014131955311165213
2026-02-27,-0.01248580100375562,-0.013503189854561462,-0.01346776583707629,-0.016159197521615827
2026-03-02,-0.012334375427700064,-0.012809305657203568,-0.012645960617747615,-0.009840701212756953
2026-03-04,-0.014579606772806663,-0.012398463794943256,-0.012210446276594341,-0.009377407882851928
2026-03-05,0.01198485296935548,0.010553222593431374,0.010317787909424421,0.007663073265150123
2026-03-06,-0.010601170641895075,-0.0130751998475133,-0.012927329734411639,-0.014892595766156112
2026-03-09,-0.01611498643931211,-0.017893600208600383,-0.017741413654852736,-0.020475412040740267
2026-03-10,0.006986662362450163,0.00872482822147876,0.008769916263521891,0.01197206733081888
2026-03-11,-0.01568962891182238,-0.016248670707840855,-0.016258004188859886,-0.012244833899083426
2026-03-12,-0.00872496958535435,-0.0063243756771624755,-0.00619542455017948,-0.004795195139567744
2026-03-13,-0.01932157194097195,-0.02069085761399166,-0.020479574251778144,-0.013134921364860592
2026-03-16,0.00948668408399115,0.009204316073635315,0.009101641771009033,0.010185375685458185
2026-03-17,0.0047378451218506555,0.006638295007233946,0.006670679147275594,0.002986245100382264
2026-03-18,0.008069777612874205,0.00787576462735955,0.007953075535836228,0.001806547284980769
2026-03-19,-0.029218143195424394,-0.03059968440532886,-0.03058779715451958,-0.029327480377833032
2026-03-20,0.007687056820435988,0.006730446446444232,0.006760026699626069,0.00412693264040652
2026-03-23,-0.02257897902171076,-0.025339037796721548,-0.02517951991997595,-0.029537701335090864
2026-03-24,0.014400768621404464,0.01408313871027173,0.014042284781737344,0.010812652622961577
2026-03-25,0.015798863040558022,0.015414472292945491,0.015351527841443356,0.01871500442336178
2026-03-27,-0.018573574814425446,-0.020113000665392445,-0.020128458489959485,-0.019682636502397845
2026-03-30,-0.01922642972510691,-0.018328692817941004,-0.018387990937119764,-0.018239070318093603
2026-04-01,0.014041057941529395,0.015204395139309138,0.015164069410183055,0.009468157882554432
2026-04-02,0.0012082180755767795,-0.00010224054334053486,-6.573012092327394e-05,0.00016205848429648646
2026-04-06,0.007479375166773209,0.010081394465772628,0.010146992638255168,0.01071525913784474
2026-04-07,0.008118178365379279,0.005856134696429794,0.005898608857795793,0.009085725595178104
2026-04-08,0.032858664993455966,0.038296193279082374,0.03806340301176614,0.017701210555990377
2026-04-09,-0.006617822390655668,-0.008109254062144898,-0.008003509196009792,-0.005933153082465084
2026-04-10,0.009185680113899355,0.012897230586744558,0.012812390076497626,0.004564904916188421
2026-04-13,-0.01062211406576134,-0.012428097033039168,-0.012504666604584398,-0.005170224140605388
2026-04-15,0.01631857410120572,0.015731245856030373,0.015680586904964437,0.01161235466023354
2026-04-16,-0.0018024723133732371,-0.003868759343909757,-0.0038589240721286847,-0.005180319511106522
2026-04-17,0.007539287201722419,0.009101178516372753,0.009091026404030469,0.013327153861724936
2026-04-20,0.0013425949208704189,0.0017530439234858008,0.0017348566898509736,0.0017119230154732277
2026-04-21,0.008427613442980174,0.01010061276697012,0.010248483923330295,0.011622057486653875
2026-04-22,-0.008074425423498798,-0.007646823866118347,-0.0076665634932914,-0.004913309409916859
2026-04-23,-0.0069465797815104115,-0.008362498720933368,-0.008281427035210004,-0.0024370208404632526
2026-04-24,-0.011873791408151467,-0.008322886283581417,-0.00827442438639781,-0.008742246829795462
2026-04-27,0.011662483534810556,0.00811179847364311,0.007979606052791835,0.008615287225378281
2026-04-28,-0.0016276281526547342,-0.0036586099132606053,-0.003542815130900986,-0.0022082679526414556
2026-04-29,0.00959016151319074,0.008222542369364406,0.008313504439926475,0.011818632094967713
2026-04-30,-0.005728250170443812,-0.00818265921360045,-0.008177789306258397,-0.006208553643415639
2026-05-04,0.004074803848911673,0.0025563729029670443,0.002677675018685716,-0.003673354596526859
2026-05-05,-0.002387621076316135,-0.003389842172406565,-0.0034189419919703865,-0.005261469619211608
2026-05-06,0.00849074522671426,0.0065918230312590346,0.006704203259709683,0.0032925602211432
2026-05-07,-0.0018430333958263955,0.00031481335020427644,0.00022772004138196496,-0.002866112362883265
2026-05-08,-0.006381678579405712,-0.009679236303888283,-0.009686672509466811,-0.012932547685652909
2026-05-11,-0.015557898980217708,-0.01891082194966652,-0.018984854356883327,-0.01125796750165075
2026-05-12,-0.01705061435653235,-0.013224116621516778,-0.013291382339369036,-0.005715589581223593
2026-05-13,0.001651767999659971,-3.074228790709064e-05,-0.00014347112330647963,0.00151653067952077
2026-05-14,0.009983608664528557,0.010743882889070269,0.010775587099336181,0.011522466833914669
2026-05-15,-0.001381377619240903,-0.0010417438298939527,-0.0010709681568244938,0.005675440355886365
2026-05-18,0.0004560827300533002,-0.0025986385477001278,-0.0025646017289182154,0.0012050513497901864
2026-05-19,-0.001601148231722489,-0.0013116917478561544,-0.0012607262755158122,-0.002652442707025348
2026-05-20,0.0030207501007670024,0.0023187555184319294,0.002303978004869635,-0.0024128128913494724
2026-05-21,-0.001793248019737847,-0.0014883822431939907,-0.0014997970992844285,-0.0031886256318076757
2026-05-22,0.0017285451602822085,0.0005882656584065356,0.0006204056235885797,-0.00622108401988052
2026-05-25,0.011510666199311903,0.011300260499530774,0.011428536990602995,0.0030628548574237412
2026-05-26,-0.005168535235740621,-0.004873409905283667,-0.004917813728792252,-0.0014020370120803
2026-05-27,2.8354599083119884e-05,-9.926869900373602e-06,-0.00013800213397000352,-0.004370721868166583
2026-05-29,-0.014924035888231433,-0.016817302236947284,-0.01685470432465621,-0.01682854311623212
2026-06-01,-0.006120607921412297,-0.006266085876888685,-0.0060971295576739745,-0.006539023776319438
2026-06-02,0.0056050679403728074,0.003935295538004424,0.004319213149222988,-0.001551341614584216
2026-06-03,-0.006226591321015098,-0.0038711253900307278,-0.004301808559031288,-0.001005352712728925
2026-06-04,-0.0005431954374080385,0.0007468123454510038,0.0007592506727490592,0.004255396104189373
2026-06-05,-0.0027235327790540347,-0.004636061859205519,-0.004766417910348583,-0.0018250776407585999
2026-06-08,-0.010214803833850842,-0.008031749670895177,-0.00816393543407549,-0.004354419399472122
2026-06-09,0.005030693177556325,0.003125738372037212,0.0031073741217751433,-0.00112049940302625
2026-06-10,-0.002035645976179081,-0.0013593065384731008,-0.0012126288376891037,-0.0045882241643395855
2026-06-11,-0.0024010572176658943,-0.001515249717046538,-0.0014848296015715918,-0.0013677016517897084
2026-06-12,0.018250997374181004,0.016071198960772547,0.016190031631438333,0.004853969065992501
2026-06-15,0.008240602255632515,0.006592978270730597,0.006579580072222228,0.00017171600589409812
2026-06-16,0.007144654850140056,0.0055581372815772375,0.005559154744741238,0.009211659272785071
2026-06-17,0.0037107315046024784,0.0051728668924151495,0.005229142897233075,0.0025900870142874515
2026-06-18,0.0017461611100130217,0.0034739808100722044,0.003541246671329125,0.002866342524728307
2026-06-19,-0.005845463964770717,-0.0027465662947339766,-0.0028406845709833626,-3.852879770029901e-05
2026-06-22,0.0033060901771275585,0.0026823469106971314,0.0026938245628432625,0.0018633144779443885
2026-06-23,-0.0110119164774844,-0.011394444594534292,-0.01159259712949994,-0.005659136041216943
2026-06-24,0.006417594075866361,0.0037070778833908687,0.0038964299093351548,0.0012445480069287584
2026-06-25,-0.0007011040856389278,-0.0012441941296356285,-0.0012464687382689886,-0.00634572997892351
2026-06-29,-0.005606637993542729,-0.0044543930179460674,-0.004374867125212903,-0.001244026628342853
2026-06-30,-0.003239976230056289,-0.003922756567600858,-0.004146775903741878,-0.0038231364216332587
2026-07-01,0.005542850998178229,0.006202292619444591,0.006193407472639616,0.005009512436789721
2026-07-02,0.0087501835683023,0.008210588819464208,0.008328107612909736,0.009448525489969111
2026-07-03,0.004930293668596952,0.003756262351214856,0.0037848226477754524,0.0057155969229980945
2026-07-06,0.005116483128301575,0.005353155371654844,0.005250268879482071,0.005434450262115218
2026-07-07,0.0007411672765102928,-0.0008412060041685864,-0.0007480189634160136,-0.0015382151731869592
2026-07-08,-0.020097063942868133,-0.01756811890345347,-0.0175337183537122,-0.012784914101274757
2026-07-09,0.003180040976272228,0.004250768113966588,0.004456828043310291,0.0005085125538799539
2026-07-10,0.009638666877149085,0.008520507013596704,0.008440680193927658,0.0036171218083980118
2026-07-13,0.0014043809398752464,-0.0007192783079122232,-0.0006849339240600763,0.003003456126566182
2026-07-14,-0.0047927390403280316,-0.00307391560375909,-0.00325331931192532,-0.0007589298418999984
2026-07-15,0.00022437401410216172,-0.0010403081922844583,-0.0010676410602090645,-0.00257410258462868
2026-07-16,0.0016862974645272357,0.000432744540667621,0.0003988185545257987,0.0010624982041219572
2026-07-17,0.011337082777619285,0.009287531773542022,0.009324703357065818,0.006501881113724405
2026-07-20,-0.0007154005080700132,0.0027849154368354595,0.002919174589391354,0.008563677606102823
2026-07-21,-0.001391337640506649,-0.00022403370105785007,-0.00012130186188762088,0.00033095373463075883
2026-07-22,-0.006836376985982948,-0.005347808031222243,-0.00538040424569584,-0.0008090590234020804
2026-07-23,-0.005597769745878964,-0.005626112240985249,-0.00552627810967632,-0.004294497084131549
2026-07-24,-0.0029739085412601937,-0.003439961440372387,-0.0034702652793145213,-0.004148638875478091
2026-07-27,0.008742498728709025,0.007527324585537038,0.007664626925107233,0.0020340647685515873
2026-07-28,0.00014139404043388468,0.00024593779192634557,0.0004038209400506872,-0.005966056977537785
2026-07-29,0.01080870937123412,0.008964968062150731,0.008890542660827741,0.009055589295750264
2026-07-30,0.0037513192600614567,0.003968644387046394,0.0038917653413503817,0.006517769543974362
2026-07-31,0.005197796479880872,0.00331893385957529,0.0034487018178629516,0.0001092600854413773
2026-08-03,0.016213812371903592,0.015072578741281033,0.014916878624555915,0.010608537702140455
2026-08-04,-0.006869574858442804,-0.006382132162416742,-0.006175336498190016,-0.004782749039885758
2026-08-05,-0.00015852852408229504,0.0007690405624974376,0.00073710285770278,-0.0029390747012271205
2026-08-06,-0.0002390267473696926,0.0031408970641833025,0.0031294586950924197,-0.0031512638573394664
2026-08-07,0.00018748123904711053,0.0010629317148550309,0.0008917174990078447,1.2069966533315442e-05
2026-08-10,-0.0005069293297895677,-0.0010742661589761898,-0.0010065901455971085,-0.001243009988339952
2026-08-11,-0.004346611190276615,-0.004492226204926899,-0.004479474953562325,-0.0026491260819514334
2026-08-12,-0.0008551800537161277,0.001288811363856789,0.0013948976465500951,0.0007772019184702699
2026-08-13,-0.0019627955508389086,-0.0026016203689680946,-0.0026047183195537418,-0.0006138434269916305
2026-08-14,-0.0016292658565329411,-0.0020829719307451132,-0.0021455259717447638,-0.0038146006502810205
2026-08-17,-0.0042586265630543485,-0.0030493472177950992,-0.0029913692287694815,-0.005644039537855488
2026-08-18,-0.005408402921583223,-0.005096933048853497,-0.00516397208489134,-0.004477808970403076
2026-08-19,-0.0030268873019677948,-0.002457730218020974,-0.0024091849604116334,-0.0059473596471442125
2026-08-20,0.005552300021798563,0.004827628095480753,0.0047930276438779935,0.006129164230379827
2026-08-21,0.000665764062831429,0.0015638148730250778,0.0015867364257791672,-0.0006639628366685752
2026-08-24,-0.0016712637351409688,-0.0013313252873381374,-0.001265208469026947,-0.0006123435421650208
2026-08-25,0.0040894353516252755,0.004041329983072859,0.004035592658109671,0.0017849725248875715
2026-08-26,-0.0053197396898308855,-0.004804425122501407,-0.0046969290388028835,-0.00879558523169799
2026-08-27,-0.00511911035855882,-0.00337014430460017,-0.003140704051460224,-0.0017357767618040184
2026-08-28,0.004834508438076535,0.004065096210111248,0.004036182980708543,0.0011911479186447742
2026-08-31,-0.004281240405026916,-0.002012889736626643,-0.002040347373092246,-0.0019669404586456296
2026-09-01,6.836145245008452e-05,-0.0027830775749527093,-0.002830997677820473,-0.003431624642084528
2026-09-02,-0.004557349523126677,-0.003475227401086528,-0.0035347515174918723,0.002059647335382918
2026-09-03,-0.002007545696893821,-0.0011087417766593999,-0.0011041802867876142,-0.003395781459406918
2026-09-04,0.00011457479915190691,-0.000864594162146802,-0.0009405619467678803,-0.003921905264297915
2026-09-07,-0.005220728840054327,-0.0038463022024919588,-0.0038765374504881435,-0.0016582485880841625
2026-09-08,-0.0049608541046133325,-0.00368989012151094,-0.0036413270325281197,-0.0008945753893528925
2026-09-09,-0.008788389304707699,-0.004964994546743222,-0.004972410587401443,-0.004153722135842612
2026-09-10,0.0016469629150731965,0.001689404613311778,0.0017012865463644738,0.0030813958787279864
2026-09-11,-0.005770827903978341,-0.007963249243044816,-0.00800700460558365,-0.008088087096008485
2026-09-15,-0.010003279016177506,-0.013237687036738246,-0.013345599951934238,-0.007516902668458579
2026-09-16,0.003390720420454458,0.005367143283872773,0.0054892034503224605,0.006023085288645896
2026-09-17,0.0011953984410539354,0.0007389477450010908,0.0007394998620302118,-0.0028862972142039613
2026-09-18,0.002048932109463232,0.004390060325712655,0.0045454979034149304,-0.0013563528873774503
2026-09-21,0.0017671905814832527,0.00023738155977275332,0.00016611419876884888,0.00405979320735835
2026-09-22,-0.004512682446472012,-0.00400641366204235,-0.0040426453343133445,-0.002034260898499305
2026-09-23,0.006285098987156372,0.007989890435033169,0.008028679244098258,0.005522945921986397
2026-09-24,-0.016052656727349787,-0.01845358516880951,-0.018606694252757187,-0.008921649969628907
2026-09-25,0.0040034593041835325,0.004792752212224188,0.004901557885049445,0.0019732775300576794
2026-09-28,-0.014607636328012824,-0.01503110765293086,-0.015017789621267378,-0.013318054587643286
2026-09-29,-0.0042533924479195365,-0.003005010683242367,-0.0030269125139242904,-0.0023864250793372436
