,ADANIPORTS.NS,ASIANPAINT.NS,AXISBANK.NS,BAJAJFINSV.NS,BAJFINANCE.NS,BHARTIARTL.NS,BPCL.NS,BRITANNIA.NS,CIPLA.NS,COALINDIA.NS,DIVISLAB.NS,DRREDDY.NS,EICHERMOT.NS,GRASIM.NS,HCLTECH.NS,HDFCBANK.NS,HEROMOTOCO.NS,HINDALCO.NS,HINDUNILVR.NS,ICICIBANK.NS,INDUSINDBK.NS,INFY.NS,ITC.NS,JSWSTEEL.NS,KOTAKBANK.NS,LT.NS,M&M.NS,MARUTI.NS,NESTLEIND.NS,NTPC.NS,ONGC.NS,POWERGRID.NS,RELIANCE.NS,SBIN.NS,SUNPHARMA.NS,TATASTEEL.NS,TCS.NS,TECHM.NS,TITAN.NS,ULTRACEMCO.NS,WIPRO.NS
2016-01-29,0.010371071897493717,0.018769699089373156,0.0035126303365801636,0.032693286504377285,0.019621393192983585,0.04248289243387242,0.023927529996871612,0.037011870851176125,0.01104863320892177,0.00431608276666707,0.034859024277347626,3.6685045605809836e-10,1.4721266459782966e-09,0.03842338938003071,0.008511197765534995,0.12221981376376811,0.016390908923785284,3.074602233265308e-10,0.03893119628809496,0.02853297872175891,0.024611156129495517,0.02788087128671077,0.029843976401317352,3.7221332496289493e-10,0.03817367935497108,0.02156268758120341,0.016346771005643006,0.05932451482244916,7.230986919157025e-10,0.020754519962885506,0.0039298777057993305,0.01195079593216307,0.0761582457154627,0.03516063543011497,0.021938002336738847,1.3952325553084055e-10,0.08459048253294174,2.8238681160685604e-10,3.991495538024847e-10,1.9318343801622946e-07,0.03614998715721903
2016-02-29,1.1460133647720513e-10,0.028401104136722848,0.0008238320667130805,0.030586913168851954,0.013487516095650217,0.01516574584245999,0.027281495299039036,0.019364761077939427,0.010490708516509094,0.012603035799717516,0.03628083357742757,4.1431289617082273e-10,1.7637054847913273e-10,0.019063968701699758,0.007591032624941457,0.12156370065803239,0.02633380722192527,2.638087487753053e-11,0.02935260439460428,0.034680859817880924,0.024091329663397536,0.04462872563757327,0.029774882979192115,9.913064706452753e-10,0.04617725246742897,1.4141124700002798e-09,0.02751373213875585,0.054853613991142594,3.878301749325846e-10,0.03072621397373934,0.012856885011733663,0.024414771720285094,0.09632169098474044,0.009371161702408029,0.036878659047476496,6.319328867244566e-11,0.08431508974575058,8.057667932097421e-11,0.00889302098800805,0.014526931136974007,0.021584116142594287
2016-03-31,8.306335118393298e-11,0.03185827148239844,0.023265550851047413,0.0176719010284753,0.027702484687357764,0.0248576627717244,0.005781768143583179,0.027014688226517734,0.005263431646633974,0.011752352606747021,0.016920150044583797,0.004440743702875927,0.022643022796621743,0.019996791100255963,0.012767654816025487,0.12121436985232417,0.027922166875691525,0.0,0.04449581374642015,0.004925018232680321,0.010261639800917386,0.05037575700125173,0.03517000621316718,0.018780960097995267,0.0369346799944512,0.008355473600699086,0.03653291634483767,0.03088848491251484,4.847035843755072e-11,0.018120067863319766,0.020059630391673192,0.023711221497453406,0.09563156257984481,0.008823757386334966,0.03688994337033015,0.0,0.07359740124778569,2.014730783968269e-11,2.3407886922521186e-09,0.024116804501242334,0.021255848091747305
2016-04-29,0.0002574120824108003,0.02713864725962046,0.01279232636302562,0.010543543530644807,0.03910386742597213,0.025298100068139387,0.006138001804010808,0.006511578613652417,0.0008625088691009531,0.01880233684502712,0.012626791670193174,0.0019817176687641673,0.022482584799278373,0.020873805023613246,0.019452316350973893,0.12516390923353365,0.039996559963680615,2.0488625982489407e-10,0.04360972448719446,0.020191218071712397,0.004444893176191304,0.052892661342747525,0.04154924848271842,0.021803622335129447,0.031553682106128654,0.005441452154065434,0.017183477686935057,0.028947221604235376,6.456951351211875e-10,0.008725138770061145,0.01431326306227222,0.015647847624004653,0.09990938309509736,0.020691339264493902,0.026228106826597024,3.3586101105807295e-10,0.08523361936191577,6.270787761444116e-10,6.895637267292172e-10,0.04888751135292652,0.022720579120846764
2016-05-31,0.005840781661693451,0.008270857015364579,0.02046454366125339,0.023048932072442588,0.026837747917091703,0.027425164127209616,0.020596835410697296,0.021517891654672723,0.009025750875814989,0.0069099151222689545,0.012854000395587225,2.462949836026413e-10,0.02018874340657023,0.020898957031443965,9.373521675803127e-10,0.1270326670391713,0.04044438493711728,7.383221583618173e-11,0.048353905255342354,0.020289162426249438,0.0411333321071957,0.05320434194421722,0.03203569734992157,0.03712853767122506,0.03135881077511252,7.15532602821603e-10,0.029371432794583742,0.022163228093026136,2.1344929686663786e-10,0.023880960422176443,0.012376350817217366,0.01201777368320463,0.083981891450938,0.009491975881342476,0.023835589420788207,0.005646500570001964,0.08068212259258711,1.107576676719246e-10,1.0139609030550618e-08,0.019933950644237503,0.021757251335405306
2016-06-30,7.965865783360378e-10,0.050206887353746336,0.030226859424367442,8.271284414289655e-10,0.032337371325117104,0.023968656935930487,0.010035353047758572,0.004207960610439367,2.32871806125787e-09,0.0013737969422227278,0.02511206131581992,2.082241683801024e-09,0.005948776096824815,0.017588568013965064,1.883062499226846e-09,0.12456105828293366,0.04040223381136733,1.5335767430639244e-10,0.04411217533819039,0.02272852263764552,0.048772973696464626,0.06227610316912614,0.06423702729068452,0.03403122450560948,0.0327360055827468,0.022789224333022415,0.00998961540042721,0.023447466955403135,8.595367443295527e-06,0.02523738441722161,0.006688754509310145,0.0033375228867320336,0.07243851211815824,0.011478871048732835,0.023080757338182798,0.006858423942486564,0.07840091464298236,0.0069003266715892166,1.0028628547600142e-09,0.013346782098739877,0.021133223814650177
2016-07-29,5.7536308296839777e-11,0.03957208393343552,0.025222601594145928,0.011660852709437645,0.018941188352648,0.01848529434112122,0.01054833048064206,2.815325946486075e-09,3.4348648310457743e-10,1.1707158139973376e-05,0.017479747235426675,0.004724487439755002,1.3896110584433868e-10,0.03427737046901879,1.6341257233356846e-10,0.12505207631777956,0.040021601414733786,7.046515875385151e-09,0.043061032371811574,0.0054376033843413695,0.042244167628371646,0.06592676718258636,0.06277848867835814,0.03802087314202574,0.03226020018141837,0.018216586488910187,0.023356883562414256,0.004673056747095257,1.5365091961041597e-09,0.04473168443751072,0.01202504560473792,0.00688972814195658,0.07216737790144923,0.03730639436935753,0.013791491886350324,6.069024137777251e-10,0.07335183807987676,0.00701300291048294,0.017215912032385667,0.01387114808665571,0.01966336302696965
2016-08-31,2.50209275598712e-10,0.02784408683651901,0.014961308188713399,5.1197073641224705e-08,0.04418238242602985,0.026793871154635763,0.025043985856451324,4.5593724467089473e-10,6.84913311256966e-10,0.009186280428479984,2.560381001777946e-09,6.024229906338538e-10,0.003475870775381414,0.03205530379158818,7.563942676341421e-10,0.1270000778614988,0.019616536322518984,0.0004328365567219233,0.04377342439838383,0.03920105635000615,0.04177807356713495,0.03553356574277648,0.05062847046655433,0.03823584739812282,0.02949307251819068,0.02499505857307345,0.02242339992211148,0.008593828637357588,0.020217247322878083,0.044756539313962534,0.003882408629167297,0.01609487372143163,0.06954481043480219,0.015612560276281481,0.024878890498686204,0.01769714318079053,0.07241797956214412,2.001200199748719e-08,0.016734198364199773,0.0120530840339485,0.02086185037012362
2016-09-30,3.72186563458491e-10,0.023942859250252017,0.055978186610535614,8.590265965825854e-10,0.0438501458428673,0.02305705176622364,0.018957970748934138,1.3712062501974777e-07,2.022749253319826e-09,0.01569637291992902,0.009190219286529766,8.371801081194492e-10,8.794773726119338e-10,3.14240868784173e-09,1.4822489305628186e-09,0.12772294217448218,0.04076795812263817,0.03695457652513177,0.056006615417917315,0.003962054893341057,0.014328293544129483,0.020120707618337095,0.05493511836491959,0.03827366077182803,0.038247612033441465,0.013752200109690624,0.02241676991199271,0.0042322572321645624,0.02036168255650121,0.04256795720271715,7.1808094770313645e-09,0.03309580710405449,0.07390505968518901,0.016897827724295385,0.01565783011071904,0.005271516002773723,0.08400930760567,0.015394243420928225,0.004357804783578159,0.024438515022258047,0.001648721739318071
2016-10-28,8.098245750443802e-11,0.03956993973318567,0.04558961995048289,0.016196068958845306,0.043968490283861614,0.01820872411861199,0.006601061902057225,7.776444955526044e-08,0.00575733931362606,0.017539567929458957,0.019335288728649775,4.126514377103742e-10,0.008332478587744913,5.7398100309084084e-08,0.019052840961514272,0.1259760194057513,0.04049765183299958,0.024592163779128366,0.05214496080568152,0.007647995069882207,0.022818630556103083,0.022056646918622188,0.039480000989878083,0.037879932673941345,0.02958584077313486,0.018288032470271106,0.011506343433858436,0.023386399594368664,6.568329336134307e-09,0.03181562601402955,0.005907051502120054,0.027074102489765703,0.0925912841542746,0.022431585333469513,0.013881280844072887,9.715412731231033e-10,0.08322311775323102,4.561512116883381e-09,9.133682455372169e-07,0.02546020118107446,0.0016026508304908054
2016-11-30,1.245370641172702e-06,0.017388159612517218,0.018352151035231704,0.025673240088300228,0.04248146224875328,0.012516997259486434,0.028526179744567635,4.149698327455387e-09,5.132478769643723e-09,0.01626078035346734,0.018414188609847646,7.574205598111116e-09,0.022288359426501377,0.004417358859245906,5.263633477037948e-09,0.1252789604008675,0.029032138579969207,1.3017783246641737e-08,0.028234983852057815,0.024498372205915286,0.02145746793336823,0.02439104943100804,0.03729013876599444,0.03855757909748531,0.05460918586921184,0.030185398341401007,0.0017105186593115557,0.03477668930713828,0.014173593970654402,0.012652125939368134,0.04020626038934372,0.01745568461486406,0.07231920746436384,0.022769254999638024,0.013760898570692244,0.01823188931794351,0.08186350817653724,1.8256697878567434e-10,3.920319860409563e-08,0.04854999818624104,0.0016748987945004376
2016-12-30,4.3899629515441117e-10,5.191798266748389e-09,0.02121576095360171,0.016402734222544527,0.03961378793707879,0.02369401850913042,0.028670252333618675,7.273027990069443e-09,7.221051747116479e-10,0.014049712752179656,0.01871047001104252,0.006169404817191288,0.017930117285339556,9.086175649987488e-10,0.014597099821200946,0.12697519786983977,0.029822935891649104,0.03739478373021793,0.03899461804494639,0.014055505096673537,2.5093795022520454e-07,0.02573274118567572,0.03809941638532958,0.03592221943017997,0.051060453339514165,0.02499860723713481,1.0843416006599353e-09,0.028290410477157746,0.019364610098958568,0.024735523356515767,0.05393013902266566,0.04392469831303326,0.043063758909296423,0.019927027929005352,0.026691898007988504,0.012681017841856766,0.06536557209844297,3.727466874039506e-09,2.121921423054072e-10,0.03617510292408906,0.001740133670404671
2017-01-31,1.2811073076549373e-10,9.927409710931148e-10,0.022998911859408406,0.03067555010487332,3.424422221167969e-10,0.010276568328967485,0.03413603797291222,3.2651192530367717e-10,1.2128868124838138e-10,0.000619247529878787,1.5327676730327705e-11,0.005708137770207195,0.033034652156237895,0.021809855493915495,0.008264332509713231,0.1290966945140992,0.029157108682763895,0.028220750323114746,0.04278832087905932,0.006339987728107182,0.01271253432175986,0.03612797743446212,0.05769513654194163,0.029434543027547545,0.006036567593663538,0.01472118543030953,5.383761014721422e-10,0.03450534397149299,0.017632502501261024,0.037183268368940196,0.05354794749003625,0.03018761019497995,0.09347080626695779,0.0619925083017634,0.00045947787148815125,0.010746886442837944,0.09367419932524165,2.2091662148176475e-07,7.672743859394571e-11,0.005169456184370711,0.001575669419540025
2017-02-28,8.676056311390611e-07,0.010711451299375034,0.007578751568389579,0.011951967333095,0.0007910220883651439,0.010069198538592616,0.04119628915905923,1.5463221110386685e-08,1.130646223026339e-08,0.006908538769619721,1.617288696640354e-10,0.013261305536555083,0.00829608462257335,0.007692889030106134,0.019211766210561698,0.13156879120543172,0.017406137023619872,0.03799041918459018,0.0411605634596172,0.022475945836122026,0.025554511000364967,0.016856881718569413,0.05569602206175986,0.03851207202317045,0.0264801573232494,0.018258071472289746,6.321444237665074e-09,0.06522645422316863,0.017908189552091225,0.049054557327826966,0.05648915656806114,0.029218576063847285,0.05542695742616219,0.049661104832929924,0.0010695238985003151,0.010646091399016074,0.07271790361312343,5.4533308402592406e-08,1.1696170392825786e-09,0.016069794334960114,0.006881897733822275
2017-03-31,0.0,0.015409781112563267,0.029402696137307633,0.04317925882604561,7.382101580519495e-09,0.022731586023619986,0.04074526344653495,2.4945773535030166e-10,4.144360568146342e-08,0.006478786589378614,0.0,0.018024084695634282,1.2959463985564718e-09,0.008856324614572449,0.010889818207343036,0.13238874247057777,9.18124779346118e-09,0.0382125824056253,0.031029453593648046,0.025508457013987917,0.021952987422997932,0.016515331045219548,0.04567292210341741,0.03552738061978537,0.02793914939545789,0.008970393173678474,0.02297089331350684,0.06475819860345626,0.010856966317731502,0.027227195721714805,0.05865489542644179,0.027074794694182985,0.07012679053556106,0.020776486899593848,0.0005882743356187773,0.01906609821149595,0.07699487229080043,0.02146947222004011,6.321553379921241e-10,9.062353439709716e-10,1.4417103063753189e-09
2017-04-28,0.0053369170159357346,0.015644136909492123,0.011297209712271813,0.044477533199994576,0.015773061302451055,0.007286439697219609,0.008254758780026747,2.152941748644283e-10,0.0171662037794946,0.01378085789981389,3.327052561287272e-11,4.446600302850875e-10,2.093647421116977e-09,0.005755805858400439,0.017638601589761077,0.13558870570545273,0.011758770057390164,0.02623002381895259,0.030949713459638685,0.013637701940611136,0.04277300330792941,0.029290930285064458,0.06657008004418075,1.6298526821772619e-09,0.031317737910482084,3.1682847230400716e-09,4.904572724902045e-10,0.06709425939622764,0.009311130911413518,0.026244005171872888,0.058430691731768375,0.02776328114341143,0.07204768626386895,0.06229682698228641,0.008032290397425926,0.017260176630338797,0.07000500019668937,0.007801828687673264,1.3692856678408078e-09,0.008957589913949163,0.014227030853758049
2017-05-31,0.024869708450331714,0.015316148042460405,0.009162008237234037,0.04280999576304587,0.003855005814702243,0.0076369625515240215,0.0245452740362768,0.009857757491394309,0.0005384473016489452,0.007964222706817408,3.751987080067986e-10,1.7955457423338075e-09,2.610305699646173e-09,0.005549855182715482,0.028415142908682675,0.1403592410655335,2.686199631576217e-09,0.032558292417861456,0.034108546191263245,0.00862811236017968,0.026985616968950944,0.018824585336086514,0.041068262581037296,0.003245737073224009,0.032343028194143086,0.028308274348005858,4.143463578822886e-09,0.06959291850574355,0.016743717690424785,0.024644966988248224,0.05346348160279328,0.026763766860053592,0.09257387928703277,0.06271790969542215,0.013509673601176435,6.880263649961249e-10,0.04400280332920809,0.0004820909532944031,0.0058121763952014285,0.027879595855651734,0.014862781913890335
2017-06-30,0.018673200276526476,0.01131459937646587,0.009311513500306585,0.04262189413932357,0.00881782892568635,0.015302796804745143,0.04000744545119794,0.005068068936996761,5.6778026070214e-09,0.003849528349568889,1.6196409723649244e-10,1.564444677599144e-09,0.01863467050564057,5.3740986011852004e-05,0.030125556961732972,0.14248862452346875,0.0022456447452811057,0.013235568949883553,0.053379663926855975,0.0352361806596375,0.022627683332994773,0.018481254117351038,0.043724063493308526,2.3245831890242024e-08,0.03720385688076123,0.027399826520762064,4.3953349687797455e-08,0.0697421833516948,0.0005582818548704234,0.013241615357841779,0.04797321610020798,0.021544023499032262,0.083752709798883,0.06011612890888303,9.416304978503869e-10,3.445377891370061e-08,0.051493367413859605,2.70206799273964e-09,1.5329056252088253e-09,0.026569398253784935,0.025205749862658725
2017-07-31,0.040075686247378214,0.005815483203845568,0.007962353770418854,0.02253381339275854,3.308911437758729e-08,0.015577439027024893,3.991799041619978e-09,0.018688440507210285,0.009383957221382867,1.7654758812186548e-09,1.488877018698898e-10,4.210168827169548e-08,0.013440604737943842,5.5036223688829286e-05,0.04481177694851284,0.1435207493636796,0.03021187723956155,3.4837380792847156e-10,0.052588043311201156,0.03898209446903039,0.01803009886343761,0.010035020505815381,0.06939391015624106,3.5509693284653553e-09,0.044400599022939344,0.021232294895003917,1.1700518058460407e-09,0.06987135270835933,0.0015502437600819732,0.022259588342084257,0.02365539717013304,0.043136589379467634,0.09195620800129665,0.027518651656097844,6.210719647635117e-09,0.03953775846056098,0.049156489807970855,6.007551710536889e-10,1.4435645387499926e-06,0.017225220611658595,0.007391684452840287
2017-08-31,0.03194947351632566,2.2218425770539385e-09,2.9767792091655966e-07,0.03957158775058483,0.018617959054732687,0.03012080969413173,2.1229484867241506e-09,7.3814643056741265e-09,1.8328897627854933e-09,1.1160793816333954e-09,0.0,3.73489315613831e-08,0.01120565945757924,0.018026151856892624,0.04341696195809611,0.14343201893975688,2.6731798614903676e-09,3.790528201006243e-10,0.06009021739338766,0.039180156968463345,0.026345056599043824,0.034304316709491064,0.03776384528697026,1.6679328376777673e-10,0.042311061456279,0.0369914748492461,2.02561761666893e-08,0.07015930858058757,9.585685210804248e-10,0.009046296683093357,0.025523653794377564,0.03942971918493541,0.11559384174947335,0.052751308935358975,3.5163306828186954e-10,0.009030209422054082,0.044674723009945044,5.898194867913812e-11,2.68576647803042e-10,0.012818294767771334,0.007645517566383113
2017-09-29,0.0226080678017355,2.3192628277275422e-09,7.916684750561829e-05,0.04172743942769387,0.010738435892132482,0.051931017706197784,0.02496794911617454,0.0018839418562510103,5.268670847800239e-10,2.8987084039681356e-10,4.197710747743731e-11,2.1821025006919194e-10,0.004581330742007246,0.03177572952468305,0.02574733873051519,0.1463244997040377,0.01552798998856826,4.067077161149929e-09,0.06632770781115925,0.04096310300602585,0.025098692071889375,0.022758477709220022,0.03390569603295356,0.0029775951593228574,0.03802860927758038,0.020624927818692972,0.00011999026831311307,0.04741716626510269,3.3633808115274818e-09,0.013877537709237931,1.0103834813382837e-09,0.02433985043633101,0.10432593189262059,0.04416809705189021,1.9939948213421117e-10,0.03800789302295508,0.046571005872360904,3.4981324943462485e-10,0.009639798475010609,0.0074426591281372655,0.03551234126745185
2017-10-31,4.300968945329793e-09,1.0928215705507208e-09,0.01972055658796959,0.03413990662704786,0.028604609052099078,0.02500419101640041,4.4453495421180525e-10,0.01096055401911616,0.003466693678601871,1.0476045640189876e-08,1.5779860952768987e-10,1.6570425206648588e-09,0.004870994710140536,0.03193562851830363,0.03317903856558514,0.13899392057980542,0.015868048701966384,0.005553505121762709,0.072894607240452,0.047132709868534024,0.024320776208252577,0.016843534102434162,0.03239171286404843,0.009621074874074795,0.03865991385735122,0.03617202824664907,2.073605688518322e-09,0.05724740671693972,0.00849323925433187,0.020137286800209712,0.006226251873750145,0.02704791639284669,0.1026076024071236,0.013570845021624362,2.735340472465318e-10,0.03801333218096565,0.046718164863291486,0.007187648796469014,0.007810458913705405,1.2870499943317817e-09,0.03460582057474527
2017-11-30,0.028281940571617467,0.0037449443162882244,0.018780703383355146,0.0036024503584624738,0.03903607492692149,0.064254328410083,0.00850193073769252,0.016557086236973217,0.0059194283076160256,5.784357927680465e-07,5.240076100213294e-11,4.083158095332421e-10,0.021676107488713486,0.042780816054177224,0.00854952941244324,0.12241965865141069,0.010115941022861553,0.016078138139799816,0.06203103931160006,0.04800219254493852,0.023787340858334984,0.0037059885517357785,0.02807591468249195,2.73277563699227e-07,0.037037459988299264,0.03430294161706408,1.4909772527509288e-09,0.05336445574793195,5.772246877937263e-08,0.014942411385818515,0.012375041678073715,7.216075812673652e-05,0.12317686835150546,0.018211203465438662,2.430343958899305e-10,0.028885379691730537,0.06202887610383984,1.1667890447429779e-08,3.1548061180135537e-09,0.012511337419035136,0.027189383372369067
2017-12-29,0.013006358276644783,0.014692260167074821,0.013962450771646474,0.02943765111603547,0.038492773017555784,0.041556916657697715,6.67555315744976e-09,0.038144583098517676,0.0040510938715035815,0.013036397247728143,4.5926798315802395e-10,1.5590799630391742e-10,0.017013662831367522,0.04132605692903596,0.00714722305679545,0.12606502771149722,2.8337247195694916e-08,5.30665510357011e-10,0.05958230862415423,0.033638664475335145,0.02947934187469455,0.0076977167256084365,0.016048932249003018,4.0894947786499076e-09,0.03640189717263832,0.028171071026939692,1.6040571903844195e-08,0.03186690215108401,5.319442653406554e-08,0.016344448219384935,1.6611424724072934e-09,0.014525273677797948,0.11988223705343376,0.04317130500476166,9.633324691798623e-10,0.03641384033512623,0.0625307143951312,5.680369936284346e-09,0.03237807172982229,0.013552273337478325,0.020382429406525765
2018-01-31,0.00033868910247503414,0.0063527998670408325,0.021943276797508186,0.026350663673877808,0.04178256859765611,0.06321212280732717,3.2937920741220453e-09,0.027490723165278317,5.0807263197431904e-09,3.262135095564347e-10,0.006546576451724719,3.418174680656802e-10,0.013025846515435978,0.028768310633137846,0.007705488923675543,0.13137966726919553,0.006324379363450791,0.0025848360296941778,0.07488072177342546,0.02420641856804145,0.011810477726688343,0.02185370725573863,0.009424974601670364,3.206527228728073e-10,0.029707761957337313,0.02922733649169131,0.00222846995142721,0.0739744165401605,0.02196472233554908,0.005530652506041762,4.984389154101488e-08,1.465980460912302e-09,0.11408732004696102,0.032424312734806865,2.853793493908373e-10,0.032628661463984424,0.050455814030635183,1.5496953328839088e-10,0.033135506673219885,0.011221737556188622,0.037430977475531466
2018-02-28,0.015550948617210424,5.220882379352904e-07,0.029495594387412116,6.51413279203979e-10,0.037716283225988495,0.019421776029582404,1.5855144567607984e-09,0.009887717314570879,1.1410922025370377e-09,4.820330901215326e-10,0.001406695767208463,1.5646763756433521e-10,4.5204414986312224e-10,0.014973555935818169,0.030186461807248953,0.14110594128519335,4.046533848998747e-08,0.0025678414068707107,0.07498331508723975,0.05534783018088854,0.017451991012953392,0.024045934718557517,0.009910782826198618,8.238862884387116e-10,0.03987920629060632,0.04871585737124145,0.0050438532025481484,0.07262812430633513,1.3153052049060665e-09,0.00015836680622347362,0.006755895552542666,5.175345565417096e-10,0.12294059245026805,0.026957045692780277,3.5637454069272565e-10,0.04098892169310811,0.07764905232064433,8.527758540148573e-10,0.04126082881107417,0.008986914567254776,0.023982100444413578
2018-03-28,0.017396515802493486,3.420331933359646e-09,0.024525765153248415,1.7816921116036242e-09,0.015090649933361275,0.020211725424679805,2.270501970409844e-09,0.03894971458448285,8.288428724947557e-10,0.010423124187854332,0.008924558211594335,0.0,5.125584014567003e-10,0.03446874741393529,4.915816976338323e-09,0.1446578622844804,3.9248668059164626e-08,0.00011929165525143096,0.07692360608036135,0.0626934754873092,0.0028165564565000214,0.03132246930904773,0.00857310393008006,0.04096583767086878,0.04686178160333513,0.0304160824002963,0.0052550340295043855,0.0739969577143331,1.2496205024516044e-08,0.0001696798583733253,0.004996378862475966,5.922042652599985e-09,0.12022308070752886,0.00591531696134469,2.9418680896914514e-10,0.039632551632389226,0.09069732331106117,0.006562353212619534,0.013560837605179211,2.093971847355861e-09,0.02364954473119178
2018-04-30,1.964302926033361e-09,0.007103879465722029,0.01530215053557872,4.587973939455958e-09,0.02610774123443099,0.019293868593815183,1.1573591142503211e-07,0.039253887500840495,2.513454128273172e-09,0.009710720378342697,0.027242922009055127,1.7877973491300328e-09,3.129711035086986e-09,0.01936030326184087,0.012438173992055991,0.14018501698296168,0.008329895921476258,1.5545666049453877e-09,0.07950257759500544,0.049968481351925755,0.03248761966151447,0.048526412688980336,0.008492119967425068,0.02156494239180728,0.011231807472125294,0.030086091417648727,0.0003168082672904216,0.07080140873041049,6.509663694057267e-08,0.025853385219158052,0.007011525088232773,2.939431334821121e-08,0.10222237592852391,0.0030121957651489096,1.0855554119927583e-09,0.025246847228262922,0.05245622502010143,0.03701772132008553,0.04351868463279929,0.0003154032388176468,0.026038580288393127
2018-05-31,4.8474282014866896e-08,1.1055754147932527e-08,0.015956496488908477,4.580023254293764e-09,0.022546200384432162,0.02172985034471622,2.8156133012231017e-10,0.03024008598333059,0.01701508051190173,7.776319792374628e-09,0.034146041563589406,5.321347200020756e-10,7.584848782885533e-09,0.02103293751331668,0.01786241673984213,0.12694156927988084,0.00034275393321468717,7.109432615065423e-10,0.055084774352800105,0.029336966767128516,0.031241918863648434,0.03860716483164092,0.01957159694688797,0.029625590563624262,0.032425891765794745,0.04648992584931081,0.010948956003240745,0.06775666799932552,0.013014856239887395,0.024863954382569657,0.006039130162588358,1.253325392213494e-08,0.11681697028908844,0.005713154281089981,4.6308006051166573e-10,0.002153337790425984,0.07741747893851776,0.023215586925020293,0.04225624659431525,0.013048662956922051,0.006557640760838557
2018-06-29,2.485967597032719e-05,0.009294233465570194,0.027632063389125036,0.01849067438334639,0.01565243068998941,0.013122367605111266,9.018953292730205e-09,0.0351634483370478,2.1802813734343277e-09,0.027791768723286144,0.0178930707470684,6.336404915738487e-10,0.00204095114549376,0.010131346716033269,3.940902981624947e-09,0.12354886880033569,9.226858703476438e-09,3.776640639618543e-09,0.0699664337493814,0.0279185033693761,0.017773131572859775,0.03262208115835583,0.016054182633954035,0.04141513479061595,0.036360067169171915,0.047794915820922365,0.028518103478947357,0.04868761869736369,0.013717991207629177,0.024929138386152093,0.024721028809931104,0.0152430424374971,0.09606659377365165,0.0054212514975838805,2.0982366051277726e-09,0.00040736676187228145,0.08638239665898201,0.03675349417233512,0.028461178151411824,1.0237471639554803e-07,1.2877339716664272e-07
2018-07-31,7.071435500143462e-10,0.0055920339504938014,0.023441336978499153,3.7846438216948627e-10,0.014154219617877202,0.011628714492885148,3.171761453868596e-10,0.040160489434926325,0.0019613976506000887,0.018510344612894233,0.016163084074037593,1.3299306228349929e-09,0.0024892072348810463,0.0025460977313409524,7.473640276749211e-10,0.11980476996262084,6.11933845219266e-09,1.2024789353299626e-09,0.07271112010421267,0.02994992214781852,0.0190963574978924,0.04792064821479348,0.016842249995778408,0.04091607695686518,0.05878914021049607,0.04579206979570464,0.028118791078164458,0.05441005159134819,0.018266311853490123,0.023269417087269144,0.011571681604523616,0.013904525101276462,0.08913147699535957,0.006243112852751375,0.004278236723231467,0.00339080984746784,0.08619863704759011,0.0366207354392879,0.03192473088635477,0.004202189684182545,7.411885361269532e-10
2018-08-31,0.0023217767763905497,0.030273072250950533,0.011316541725183663,0.015951309856002144,0.027340927632254607,0.011101207182585124,2.5543660022965357e-10,0.03959855011703102,0.004559226139841512,0.007482955645872601,0.01450521841870038,9.659658764150035e-11,4.2444656297316226e-10,1.7920261621803138e-09,9.963498580020491e-11,0.11816449480457102,3.935008358032257e-10,1.3807626348055362e-10,0.07157128321645884,0.027202584038806803,0.01747385661318241,0.05899888095119277,0.03843624256432674,0.00898774881785789,0.030422163713834847,0.029389469795999455,0.03178566538741071,0.062476865096040564,0.016591958719890526,1.849305541745088e-08,0.012039832790686922,3.1122715479790795e-10,0.1356932553702209,0.02315679544956056,0.0023289230967347982,3.3490946645071937e-10,0.09217372461000546,0.014542842037047778,0.023742070152745487,0.02037053448241687,2.072865298686822e-10
2018-09-28,4.4509540054944106e-09,0.01905946975873797,0.026291527729378636,0.0030963675531376156,0.0474162293823708,0.006710679764748465,1.478256583619572e-10,0.039226641949173,1.3567963051403186e-08,0.018192093703724183,4.19437156454814e-08,5.73916868438574e-10,2.260929353849102e-09,1.1100451764913347e-09,1.2931457658824384e-09,0.10311691634258242,8.036438702531415e-10,4.760815382273647e-10,0.05445346129281462,0.04051950162055341,0.007227972483115028,0.06350107876177588,0.03927820688927699,0.01995165829659727,0.02403280319892397,0.02694147980607619,0.044431947987164086,0.053731425235184996,0.028014219919583794,0.0019186269830201949,0.01257642190227606,2.6484669542649946e-08,0.1434600863424627,0.016151446070007687,0.007460195275608512,6.545691065801259e-10,0.1035997517600349,0.015072784279685891,0.014893932655519308,0.01967297854979648,7.392093503602954e-10
2018-10-31,2.728413294627119e-09,0.006779094295834206,0.054870835919175805,0.0331403947947576,6.032458347393186e-09,1.0688723933156678e-08,5.952923438836916e-09,0.02651598506019083,9.064106578604827e-07,0.0003088576522611293,0.010645350195339954,7.462142405184412e-09,2.1606260946532015e-09,3.65765850048062e-08,2.051821274968096e-09,0.1206641235739297,2.8293829603462094e-09,1.2421664122757165e-09,0.05426450873366693,0.018502112764501224,0.011346007002005783,0.06370820290204113,0.05765643628046935,0.042132670822873336,0.005330506575559134,0.029000414645537546,0.03837472267749998,0.03538421811785452,0.016801617475237327,0.008870630667961328,0.019798344398387575,4.5741526639517705e-08,0.1315166964393309,0.009237754057291384,0.018571385139670365,2.643750645837862e-09,0.12136843911482949,0.02480234771151967,0.008579568332004382,0.031827733807765934,8.32132519400291e-09
2018-11-30,1.6166047827432525e-09,0.024093169819218017,0.023385962991770246,0.01071661916070401,0.04047836443490246,1.7820421932391833e-09,1.601615500202039e-10,0.014592038339682914,0.0067759656527919725,0.025164608347597678,0.030404540605840254,4.042263595669942e-08,1.1064268665768187e-09,1.3667333422379505e-09,4.6123457247158495e-08,0.1311552972074403,1.8069374630070685e-09,1.4629686572080956e-09,0.06283190185550486,0.04564977728149404,1.4735899104813253e-09,0.05262628356115243,0.05759182928999587,0.04070040031004486,0.02451324938459047,0.030421722175310247,0.021078336960572975,0.01628143355601515,0.017213527470376754,0.02664674226001512,0.015117854726871438,0.005671361691759233,0.11578884388512395,0.009888371083450233,0.015972861760979094,9.366489197810122e-09,0.09952301604679034,0.02070613644489723,0.003367690638361016,0.006632511770612552,0.0050094745980870815
2018-12-31,3.744655294970802e-10,0.03230356841463531,0.03460344907231906,2.597400596324319e-09,0.042251714483252545,1.1009780248191333e-09,3.094244028033872e-11,0.030246808498498614,5.50321827141083e-10,0.013681630186600954,0.02154888432791843,0.0019085419462761264,9.527983134368072e-10,6.448616203143084e-10,0.004663766749495231,0.14130777050656584,5.644966746166061e-10,2.872529608334862e-10,0.06527544978311835,0.05071231743552419,0.019078218764420656,0.03829888618557092,0.05683556690665542,0.03978499203561091,0.02268592609759001,0.04273102650553316,1.7917595722919324e-09,0.02093050329894025,0.01732129333740038,1.3550974645127229e-08,2.9776748953136313e-10,9.037817568104271e-10,0.13232846055401673,0.00998800402766332,0.013857859375182255,3.912497517349309e-10,0.11431451161427927,0.009975856036275856,0.004313220321921404,0.01905174770771282,1.7879709077057692e-09
2019-01-31,9.730840554141137e-11,0.03277352183548399,0.004036283928200459,0.023082174639527324,0.053638046967008385,1.292840556540604e-11,0.0,0.030615621881109643,1.5663160605725136e-10,0.012589796759792472,0.026330768310450184,3.494904076215212e-09,8.113113256882205e-11,6.97114964844016e-11,1.1200979282123045e-10,0.1392161040402813,0.006930106303970981,5.0982244419897595e-11,0.062375768292115746,0.04936818426912216,0.006962653275433586,0.037796336393968115,0.05134055227858942,0.020927231379895585,0.027087640617000967,0.05287145238722064,0.0060786764770444195,0.010298080370527703,0.023849296309257,0.014382086853078471,2.2652090098120685e-10,0.02479507381905401,0.11277469963973709,0.021140575530311515,6.468751711602143e-11,2.4767229062433533e-11,0.09958195531595532,0.0190480179021695,0.0005839869702580132,0.02952530267864046,1.8321282084534718e-10
2019-02-28,0.002527854582399929,0.03664947667598271,0.03145072303180076,0.012492766373346951,0.048187500804672594,0.007179778786105265,1.3431628579210097e-10,0.02643531999265241,2.3434388354203614e-10,0.0028540453783909934,0.01573007192767985,0.01555699654591378,1.1262504845209196e-10,1.6417599914389615e-10,1.200094241510197e-09,0.13215432611760955,1.4545225253740441e-10,7.003993125667513e-10,0.059991210315315555,0.03979638222957231,0.006825059639386531,0.04199744580264845,0.04365786594220572,0.00781546786614822,0.03871577680860344,0.037789564186764775,0.013588940830118332,0.006088698367483404,0.03538396601626354,0.012647481377611807,0.0,0.024070876600278797,0.13254876064625365,0.03883907793700787,2.1985826495462804e-10,0.0,0.09996990513661869,8.017015319927822e-11,0.0059827242428244385,1.6454292418493901e-10,0.02307193268236141
2019-03-28,4.4020623567574685e-10,0.03640532755072206,0.04712807457582065,0.013833037438562821,0.04862963585617359,0.006945210427834086,1.5294726673890158e-10,0.020992392186399145,0.001992807274474466,6.096530743595325e-07,0.02301874981728218,0.012798273405948482,5.004083823459186e-10,4.857550174222922e-10,9.091539191949377e-09,0.13619421082799077,1.3411967787952398e-09,5.469486848804989e-10,0.07090177663728836,0.042448267018681096,1.5501732752854945e-10,0.03934610435817541,0.04422411756339909,0.019715906378055984,0.02707248788871521,0.02968607989132497,0.004588519921538782,0.018944163667531072,0.02423318131823091,0.0028128766367280403,3.1398343936178315e-08,0.009828295604252121,0.13561627890429082,0.018534660886398487,3.938354036414772e-10,1.4549577002649276e-07,0.09252431556964599,0.015037167979945195,0.00987635520084849,0.011525333373824468,0.03514559218487461
2019-04-30,1.6091695266895805e-09,0.04527122330800205,0.05003622184154446,0.014481047664906703,0.04907393691524129,0.0015610908158096134,1.6873876338126848e-09,0.030200806188312515,1.8705310980748307e-09,6.634373763743982e-07,0.03132516176724839,0.014555416804204644,7.950406599973822e-10,1.5509832309781558e-09,1.7823317256366635e-09,0.14428473631743158,1.7860288536588605e-09,2.3265191100230782e-09,0.05460573092354172,0.04762566177747462,0.007615305863867641,0.050957930711281144,0.0451094842562312,2.7258971151888577e-09,0.027095892726298827,0.03421687765877908,0.004368667856747516,0.0004629078832028956,0.012995772565458679,0.02729592804720405,3.2943130056958703e-09,0.03177506407175604,0.1456795417132295,0.029060739465748865,2.0571711726143485e-09,1.725426076828789e-09,0.08455122324120432,7.886455379178802e-09,0.008557160676917789,4.625967126074651e-09,0.007235769777756693
2019-05-31,4.265188642304704e-10,0.03836093198436323,0.05512385073126164,0.031062316746706398,0.03127027093507326,0.0028126124613331864,3.0771857166624423e-10,4.949308094997739e-09,2.691123338025401e-08,0.0029836891819709733,0.02815812828800746,0.02683854079781208,6.97454559212876e-10,6.761123975614664e-10,0.021686364984816846,0.14804596531722164,6.564339777808301e-10,5.261606490990383e-10,0.046822862860578934,0.04879103539858134,1.2374044606395722e-09,0.025812391353648864,0.05833979399903781,0.007541972859392485,0.027510844880968995,0.016739692973750737,1.5026964353138724e-09,0.005413956174949285,0.003663481198258332,0.020421211393159725,4.006521124687782e-09,0.010063690541816248,0.13888585927231564,0.02965876049364578,5.310719202052485e-10,0.005945749923437426,0.08067547351957458,0.009926609117131953,0.009020717627452357,0.033120377678969824,0.0353028048761286
2019-06-28,4.840516176411609e-10,0.02087492949639468,0.06431274210533247,0.02983433505103601,0.028383680855229163,0.002802963885086049,3.749835641293426e-10,0.010635835521761549,6.252226555619361e-08,0.002355822101558243,0.02804108167268525,0.0037175775426882495,7.571723653014076e-10,7.140888382074645e-10,0.02119045230826063,0.1500979393515418,5.994338788648954e-10,2.56077317091664e-10,0.051305975243094756,0.060748441402907694,0.005398895209747526,0.026044281829134597,0.05974713182220274,1.1784778653504695e-09,0.03500293251571914,0.04944953582104236,3.1761082913055364e-10,0.0024411171117995523,0.0038058491741551643,6.3806469904467285e-06,0.01541449853538592,2.8372287555684407e-09,0.13119909053814235,0.016831194617850438,6.469184943863953e-10,1.282618137456128e-09,0.06816247279372965,0.003574066844884166,0.013922679187220328,0.04742517525800025,0.04727284958549165
2019-07-31,0.002104707804249863,4.091123089016984e-09,0.05710032290367096,0.03636291575316566,0.03660879976229555,0.014404265434170685,9.943999487814205e-10,6.6301203042801004e-09,1.0384913212678664e-08,0.019356071016294964,0.012263118319736569,0.00654082007755582,1.3207056400420647e-09,0.003897033555925102,0.010267737661763627,0.14281270375011992,1.8687372244173367e-09,1.401904181244162e-09,0.05253007653601993,0.0623325469182472,1.1656199774130018e-09,0.02727959328388625,0.035166550556236985,4.13683157042091e-09,0.013775525578018042,0.0538737758677224,3.086634333183136e-09,3.052152889037507e-08,0.009414080436464675,0.014869613265728636,0.018936773596209704,0.013276693049326015,0.11377060933175831,0.036272845482651264,2.2959714180803346e-10,2.510425995328093e-09,0.09042654741274526,0.0034860063364231596,0.04334767565506705,0.028593236440738325,0.04092928587126649
2019-08-30,0.002046604913525612,0.03199908017171898,0.045227052614310405,0.00611123570522851,0.02892989208042004,0.024500456651847927,4.2886504627543474e-10,1.0723434044851872e-09,3.600922069991578e-08,0.0018362219418916427,0.028694003931355246,0.010308920479896795,2.4608938608752767e-10,2.1658872262463616e-09,0.0031324034279268417,0.1327956014212723,6.060010914158621e-10,1.2380167142210837e-09,0.052231501812630234,0.05636069822535511,4.15502024238989e-10,0.04415099878337832,0.03393821721149423,9.88967249189419e-10,0.05338054366289969,0.04124084737305091,7.201001671202235e-10,4.1258258112788703e-10,0.011289191408781806,0.014645300198754074,0.017105845497953777,0.029167871945743423,0.09872639473859443,0.05008021713082174,1.91613175205537e-10,0.0013304791864891558,0.09299901042340934,6.870013499932411e-10,0.018138184966888033,0.031586458926331815,0.0380467199858394
2019-09-30,2.2124350436950455e-08,0.043259660896213165,0.040128071440014595,0.0047572255038652025,0.0375498580925553,0.02464292703288404,1.1796282456087283e-09,3.6690948466877305e-08,0.00048103928483761237,2.667436661377145e-08,0.0217715158070759,0.004811343665904945,5.733434199612814e-10,1.2916289882879141e-08,0.00831509339159139,0.13885203825542142,0.0024241889339826827,3.979341473109729e-09,0.06327665615569839,0.06029545764982768,1.4141130018459926e-09,0.036450231635262925,0.019675663942955862,1.1219603434864132e-09,0.058271476486377836,0.030992995982731444,1.521299932307875e-09,2.0240827757871903e-05,0.030363700156865587,0.013442050091728695,0.003551701936964425,0.03491102329695151,0.11086511086749014,0.045343194970013684,4.355055792687682e-09,1.932106603236038e-09,0.09296333474500047,4.385589870992767e-09,0.019855293411397697,0.03215502204458649,0.02057376462564904
2019-10-31,0.012082203950427679,0.038593392742820025,0.03334985905828064,0.023952450036350086,0.05173050700179219,0.02056836405636323,0.019227749169596003,3.042335631600592e-08,1.771018661561638e-09,0.0024907458024436306,0.011408751789287647,0.01250561848544214,1.3445055102470538e-10,3.1216147185523184e-09,4.822293992995414e-09,0.1336261239269078,0.003371294205914459,0.007462298052163019,0.06356698442812207,0.062286227481311025,0.007119270547414744,0.052523725971687654,0.014730454768286274,7.528645038186789e-10,0.046737512827693006,0.04280920451879578,1.0211061854092992e-09,1.6510381216983897e-07,0.034961784884069924,5.031692114281414e-08,0.002790408552375862,0.03205985609580624,0.10358026703117539,0.004542853284516968,7.973162267074453e-10,5.935657564287308e-10,0.09052698703434281,2.1266380228067302e-08,0.034851102107224884,0.02927771945795467,0.007266002606733779
2019-11-29,0.0044637196554728475,0.03770151967283398,0.03975384099339093,0.007655830813976287,0.06232545191202988,0.023807103474948507,0.0350315423543213,0.0020593664194051868,0.01319256206025779,6.158339373479941e-08,0.010452089587310207,0.008456835494296844,2.8724019960351744e-10,1.0370883435620135e-09,0.008167104009591612,0.12869423326577856,2.566694840459097e-08,7.330022827836181e-07,0.06052150583101866,0.04999238650327022,1.5852073721328854e-10,0.017933291438214986,0.01571219910624075,1.5174972393339008e-10,0.04039103150058716,0.03856671913687803,2.1854781642711444e-08,0.02487905035121955,0.04232382496149173,0.004232611272235475,0.0028200150873591285,0.023062459711905316,0.12464747279400536,0.007553504042825081,3.567066769435342e-10,1.697299769386896e-10,0.09883949204342633,0.0010613672814152497,0.02978389328694341,0.019722653634084722,0.0161944780348227
2019-12-31,1.5633098987716597e-07,0.020860343509588108,0.03250729578389166,0.016739335368948786,0.06339885623972777,0.04896077251062927,0.03632242148966219,9.812613537018318e-09,3.329563527179892e-09,2.395899678987081e-09,0.0006713594197289822,0.012998381396340348,1.0112465887073114e-09,0.001149509542481342,0.02376320129096637,0.13502740882702863,8.432490250575485e-10,2.041662326550245e-09,0.08275222987248544,0.06130151502025354,7.813773901201575e-09,0.005789447119881183,0.019002210086449943,9.419634367057955e-10,0.03741031222111568,0.003383253440569793,1.3591413282789362e-09,0.012028686558502902,0.036855131629955934,0.004293664276342721,0.0025135895889859946,0.02250369881881013,0.1413718458408972,0.036225177255169015,0.01450416377433399,2.821485012418752e-10,0.07640687230587342,0.02300910234806246,0.0021710643355938404,0.02607895622247352,7.742997914082713e-09
2020-01-31,1.0564219905166702e-09,0.044546241439455285,0.01784618206822624,0.03288489847261795,0.06498417661406818,0.04854717061843397,0.027250791892620235,9.816382193847985e-10,0.008662027184236065,0.005239696572134984,0.0031581476872553963,5.822405867359286e-09,5.133946454234044e-10,8.22030595324066e-10,0.019816796694402717,0.13105092556843978,7.995709272109279e-11,0.035323542202648564,0.05558536146272071,0.07799096064183551,0.0006448763865069616,0.005053086987678986,6.875936032839694e-09,7.540373263611003e-10,0.04890641128364792,0.0008964091688262551,1.3189321386798283e-10,0.01942909965338647,0.04167817460294338,0.018095214427534024,0.0021406399327421467,0.012688300733640044,0.1377857807234701,0.017646883827436496,0.0011989851145114004,9.917584794641031e-10,0.10154454488044114,0.006200789673396841,0.0021854549871351847,3.310859583105321e-07,0.011018079382175344
2020-02-28,4.768183719284442e-09,0.02692084941368939,0.009316935700864762,0.05005600021897111,0.06468189547615619,0.0605820972735918,0.02706521992981681,0.014151963639027078,1.623871260685578e-05,1.0133639045194834e-09,9.833502426493068e-10,0.016889469804797334,5.717462996284928e-10,1.3643614426499109e-08,0.041062880729921696,0.13019174124680982,6.829729065749901e-10,0.026210310440320832,0.03474452615537672,0.07758073497887225,2.1730441270834232e-10,0.01237894164182194,0.0006051943601364106,2.5358704266034173e-10,0.04471269152456147,0.02780660630079439,5.464425830927081e-09,0.013855430109649883,0.0496653543508605,0.008284990279656342,0.001667564704290102,0.020646517779392984,0.1125968020923722,0.005232765646084863,0.011973785468922573,3.151893216352398e-10,0.08663019574953496,4.337313981631507e-07,6.626710491769073e-10,0.024471619386437292,2.1457685421899283e-07
2020-03-31,4.844688995138706e-09,0.03346993955004577,0.012194068745310096,0.03097152103624364,0.053579446428368704,0.07561963870996527,0.00375369186035757,7.894883527388149e-10,9.059547432137294e-10,3.53440253792521e-09,0.021826571927328172,0.010908811317539882,1.2365133433208635e-10,3.0890573540748245e-10,0.03382397993662406,0.1043883013397916,2.207744156066054e-10,0.0035606331981955955,0.08521745814216065,0.06916341127111049,0.0,0.022949059417190797,0.005685503803399802,8.243112652344043e-10,0.035950051313263544,0.0063555840122269495,8.086556014040908e-10,0.008619384342447977,0.05568293394291688,0.01217627718609073,2.5538324303781714e-10,0.013344357299801702,0.10463683872134177,0.027392263431049422,0.010149790385459061,2.937175280584561e-10,0.101744827360107,0.003922218995049666,0.023200858357887755,0.020483134132437533,0.009229430926354146
2020-04-30,1.862541236857658e-09,0.035349763206569094,2.823923593865135e-10,1.9902689374933882e-09,0.049262979838052334,0.07688871552189948,0.005004968233613819,5.386650751373887e-10,3.596874345796781e-10,0.00514432353028353,0.010650895678331508,0.010698946925239152,0.0031612619738862727,3.458827074583629e-10,0.01225327871683137,0.10670743416922202,3.389580945821119e-10,3.367742487737391e-10,0.09751915504259648,0.05820977038222767,9.957827745355987e-11,0.03138703984744354,0.01472740529064555,8.093940694288953e-10,0.049005367962691296,0.01757921998629391,2.9686588331080946e-10,0.017787004608705883,0.04819422816540281,0.0075063175285256115,2.0697814385556195e-09,0.019690497717592216,0.12053084797785021,0.029740020421344878,0.015167795255507642,0.002912222877286463,0.10629229018607324,0.006782824238971077,0.01743413785654195,0.019784489164421448,0.004626788365159862
2020-05-29,3.196215334542147e-10,0.049319520684871894,0.01396814996811812,0.0029526625110199134,0.028425020341615086,0.06410354164658093,0.016111565698051597,0.00680678627708085,0.001978834958923887,0.006993136412356962,0.027005931892927246,0.015395775901317212,3.1325312581760377e-10,2.1131549216065828e-10,0.009879914468137787,0.10137593238336552,1.9303597680213562e-10,1.7978881924753357e-10,0.0781369989378436,0.060589976649369694,1.2736162082584595e-10,0.03190490213825547,0.016812243706735196,2.6058205536215e-10,0.04028021638800216,0.015601299735475874,1.8278268758032903e-10,0.018905512372845306,0.05365623418732959,0.00832457179581733,2.9565575200534247e-10,0.01708243349671666,0.14343028784073023,0.025971078795167527,0.026576272143518386,0.002972319517295685,0.10204958768713794,1.6121316758308287e-09,0.009509230326363067,0.0038800573471216614,9.437865123026691e-11
2020-06-30,0.002047712833507702,0.037194956101972265,0.007457145060345153,0.002615877491693752,0.00700628090074379,0.06934940507463905,0.010189889440280165,0.01902990426321967,0.001814052174905691,0.009438056599394463,0.03772494555952526,0.018885028440251892,0.007725462989712263,1.3568706884219345e-09,0.01674294133623983,0.10923860852990201,5.2722971613754225e-06,3.494858337924465e-09,0.05675899722644972,0.05953673668414904,2.6901394158769684e-10,0.031537130343161614,0.021709645501204758,0.015024176583374075,0.03737651802221233,0.024772924766805805,1.0754958594355016e-08,0.03366113038869178,0.038071173150073814,0.013453873191470313,0.004025658310520963,0.0011893269572995913,0.15211221882936363,0.014481922882435851,0.016625999886731104,0.003047290069810291,0.09634526747450115,0.004178787053749031,0.00941991834542907,0.008501877227802646,0.0017038721355675064
2020-07-31,0.017988318420363313,0.027753112057380794,1.565460002751679e-09,0.021599829611183428,0.013641109195023354,0.07155126261974368,0.015342010918585782,0.018759473389965347,0.010464050292500741,0.0043393796088854845,0.008582118271252204,0.020238980579934365,0.005466313368563146,1.2759983417307453e-09,0.014182978933428559,0.10806507991978705,0.019166486470677042,3.2669864216479054e-09,0.06129104564753163,0.060066858696270084,3.2109288235042035e-10,0.02474197263725347,0.02119551225177779,2.280824683081237e-09,0.025820492331496473,0.014857911033366545,2.4828245777036184e-08,0.029548789467192096,0.04223755154315329,0.0196101517280005,0.0020879664651830697,0.0011268061819971495,0.1746502969468784,0.007115675681026035,0.010190577420252244,7.714246728533208e-05,0.11586836705425668,2.4660425037150343e-09,0.004085661103925406,0.008286675649791807,6.0314369343105335e-09
2020-08-31,0.00542933465635226,0.00132465654009958,0.0027122392878977906,0.023515448125912136,0.023516400559330335,0.05968589346321907,0.019373583004516706,0.030191951097788373,0.015717819012635654,0.0035031414526692124,0.010014661874258564,0.02862875283648849,0.030612633131317374,1.8262704236855636e-09,0.020594426207029354,0.10282947693180484,1.1735232407350584e-09,3.845188944287163e-09,0.0520761317247241,0.03738541342655729,7.881159569249478e-11,0.04884886528822495,0.020398346591814467,8.224686224176018e-09,0.030216784725942365,0.012805624878260875,0.01569049721282403,0.015930729980335137,0.020641749978121775,8.073913935258326e-08,3.460669263944804e-10,0.0010949161125158404,0.1884745642631559,0.009235428239057125,0.009033810717682597,0.0019480040732375006,0.09279587772925486,1.6307028319624572e-09,0.01412444382774373,0.03138446894051905,0.020263826244319192
2020-09-30,2.2453037962354714e-08,0.022869750679892213,0.007408246713545039,0.009130433408440773,0.021812293996015114,0.05954303856953246,0.0064253724976937225,0.024987670845397183,0.017972894478871813,0.0029846991371152523,0.04029573715434307,0.0022025788588868854,0.01919152115698423,1.6216105019177584e-10,0.019305213406588338,0.0990329334563187,0.006778809912845295,5.450732427950343e-09,0.05156459695265954,0.041063144885472594,4.995567727647956e-11,0.04208575340525601,0.011854485442005661,0.014453246936975632,0.030100449621094066,0.011328803776820892,0.0046458764602209865,0.019176148701571166,0.022671629865870437,0.017517756719354176,1.3786050225489327e-10,0.0040458778172026396,0.20316406957178576,0.010444047743288536,0.010031372710290969,0.02197932813867115,0.10110493691525643,0.0016978416815111987,3.1992425959319773e-07,0.005282067598491163,0.015847022605723578
2020-10-30,0.004635250351650042,0.01961247970717318,2.1138428530958697e-09,0.024434692980474137,0.021221760707037247,0.032114775867482,1.6800221147308743e-08,0.02225282308485262,0.01703973615054029,1.4382089491631626e-07,0.0294707799607031,0.03239477407762285,0.020413136861734106,0.012324097700859645,0.026043633494282774,0.1057820109449194,0.019549874010779164,0.005730500777033723,0.04668886809099074,0.035685209040049556,2.772902380405497e-10,0.07249689164508796,0.012071998834144022,0.01542959183781124,0.015544446588327064,0.01357326745399826,0.004164275167867136,0.012735826746093755,0.005283034845731425,0.008914953302608436,7.478154272266215e-10,0.003933082196560639,0.19053300236705392,0.017696519627340635,0.00813201183025794,7.645693284046739e-10,0.09959608639946235,5.787093147412052e-07,0.021275788215057906,0.00857716282552123,0.01464691307494291
2020-11-27,0.005746489620257125,0.03017081822208553,0.016033665171578178,6.813528960270152e-10,0.02892239252552949,0.03151050780092283,1.5779791339048207e-08,0.02002971215008876,0.018405328108628726,9.751635950861773e-10,0.02324206574235575,0.018352290198161734,0.006889888439084558,0.012833563189228764,0.02832106406058884,0.12561448609339734,0.00766028328620356,1.7024680780431065e-10,0.04537070654269016,0.040702558861924296,7.428059873224001e-11,0.06666290702380173,0.011570182434183004,0.022465453984324993,0.03648864890967816,0.022341107215735227,0.004650246122058084,0.026137973646063295,0.005058191134177651,0.00383803950143173,1.911807195140193e-10,0.014045020184284598,0.14895100231636943,0.01860871247320987,2.242563184311731e-09,2.6426471139073025e-10,0.09573586130735187,4.536132269020753e-07,0.01926460808312741,0.024610078859087937,0.019765672800318615
2020-12-31,0.00915767302397227,0.0034930859913712762,0.016693739265956322,0.019997700144487495,0.02901339795085705,0.021395546481314087,4.59982087537901e-09,0.03107040393635853,0.010331485969131457,1.1998655207160154e-07,0.04068813020964358,0.018395673952540045,0.01832319403796764,0.027854263637248456,0.013664651355479339,0.13313610643589122,0.013977600929241649,1.401121795974884e-09,0.04322182456426785,0.027637924707006396,3.229652774952215e-10,0.06998057763436928,0.010425915120524397,0.02216882750927652,0.03971410935488602,0.004779795901468039,0.023122739408219493,0.008590060264602167,0.016737296772880987,1.6482758025865765e-06,2.4201318835398965e-10,0.02041337560077955,0.14162388536074838,0.009016417488134348,1.42585439769516e-08,0.008001919816515277,0.09511051546504602,0.004608734126094438,0.0011556068665738775,0.026218743351515836,0.020277288278810906
2021-01-29,0.00983135129733271,0.04726034953750674,0.005526233828666589,0.00263534599788742,0.05031041023810826,0.016539485469185766,2.096790939236334e-09,0.0007936724776611957,0.016436624973639336,1.19720078403963e-07,0.03959880027983229,0.030024661490903045,2.64188782848744e-09,0.0007615194624605199,0.028804185770749655,0.11868553666585842,4.1393525155647066e-08,0.0007166533030625738,0.0478988446018097,0.03685303757031965,6.970060077455973e-10,0.06657932817183813,0.017500244188179793,0.02983050738898855,0.048696881838153724,0.023813759238671472,0.0022719164049384718,0.015260393257436864,0.0016281752036943304,1.4820802436048178e-08,2.4483535938990707e-07,0.010148282319681177,0.13327891965528024,0.0143239175117244,0.0017431383970162263,0.019564790347220026,0.09552361182938313,0.004639047361799449,0.02735000151672437,0.01625068722616033,0.018919258972675313
2021-02-26,0.016460896927041533,0.03300295397305803,0.015051878785510116,0.009971142429276159,0.028706517624461345,0.027875409830148322,1.7328455487143896e-09,0.01381298864046995,0.028784031858885246,2.3509988320948376e-09,0.012493120492438984,0.003768111272095959,0.028674749230851383,0.026213638178864414,0.025168256301885395,0.11927681913912079,0.008514787730770289,7.183814208524369e-10,0.04295406530045476,0.04598045472712802,3.150440796794354e-10,0.055779319481127604,0.018704751957904907,0.02283085160437959,0.031979417036797124,0.03147220848587426,0.007781191140966432,0.012483599651646596,1.3278697531579142e-08,2.4057892023567757e-09,2.0187393572079797e-09,0.0060227823606033015,0.1315196717880023,0.011055319008170722,0.006278786348779388,0.01908643931456083,0.0970145894952771,0.0036699023929175527,0.011427512942104288,0.01243725639903154,0.033746555328899815
2021-03-31,0.04111551864038245,0.01715423835139188,0.00959054136244223,0.014266497446535683,0.01925294699436196,0.013636281709676538,3.067660298348643e-09,0.014411558348319515,0.02058968343219125,0.007890040172143587,0.01223342177187155,0.001096021125357681,1.196521337786499e-09,0.018834049027136736,0.023693007224255522,0.12477833571020586,0.022806127688609155,0.0371642156722265,0.023490094676428777,0.015392629493563088,0.03498643901545558,0.05308985904849568,0.018802255461377666,6.689099178246388e-09,0.026393346690719206,0.022643780507761516,0.031151628988709476,7.367709246943009e-10,0.007728215639036137,3.7805644879236386e-08,0.00631883879672371,0.006200728903767402,0.1485292286456283,0.048505180849889924,0.009882026318490285,0.0033069355166079916,0.08011416823145151,1.85100722030658e-09,7.967631457388089e-10,0.01570488706720375,0.04924721932811483
2021-04-30,0.041312273407500606,0.014676014826313455,0.000846322051102557,4.696736963235061e-10,0.06393102341495582,0.003652798589091496,1.3932029330035978e-09,0.014579719036284942,1.4514590814037291e-09,1.1481313512666874e-09,3.5118338893399967e-09,1.2534275704352585e-09,0.005863202874750162,0.03945944259702406,0.029551965231785472,0.11872795350892272,5.20464513992909e-06,0.03590604732118852,0.0594449788396046,0.01583701516259873,0.002738688494900049,0.07857243430424073,0.02195858527643433,2.9949315475498705e-09,0.017980240190330385,0.025659114930784932,0.02741090963103984,0.0012053992253459377,0.010076510259163977,3.285475162833679e-09,8.441739391990512e-10,0.020361963688009323,0.1183671883861492,0.04628422232048301,4.357748758369779e-09,0.0022249857108420676,0.09356728583846532,0.02354116094845654,0.016821771917918487,0.03669109911794323,0.012744457543171722
2021-05-31,0.033310483352387094,0.000686745372595329,0.021233175311465652,0.014724169156591646,0.0629009678819342,0.0051132486865615515,1.654966846963356e-10,0.01597619832580949,7.51951655044387e-09,1.3153842717941937e-10,6.221725092649883e-08,0.004463570221875866,1.880819750540003e-09,0.019556512496989614,0.026006032075784946,0.1197401425835325,8.620952811039142e-09,0.0022318789583097693,0.0776694037109124,0.04217043543779973,7.928801393081794e-10,0.06595493447089591,0.01979543760556134,0.04576501284579918,0.023711111806509342,0.026370241936989954,0.00021428753992225243,0.0056119413048066205,0.0017270738070031496,5.487231602576105e-10,2.1922138870287705e-10,0.021918885993925562,0.11572154679447287,0.004268746284827673,0.019138611656088458,0.03669777872501601,0.08977519364832219,0.023505170626833976,0.010472805593086975,0.027592459293073072,0.015975714397915747
2021-06-30,0.04488034874367376,0.03107388855755987,2.834877203106054e-09,0.02143408255655084,0.022724666401823714,0.002380884588801708,5.426791624013275e-10,5.7888861400561805e-09,2.357086240099858e-08,3.995434005522365e-10,0.0029964207034524713,0.0032347853520136812,0.006135776468082309,0.02647061028656357,0.026314087913518382,0.10586681576446542,0.007401965553379998,0.013945000051662272,0.04473393539733473,0.05627839621171787,2.799461801090011e-10,0.030595225656604524,0.028425703594341743,0.044952731773485334,0.0372341640415803,0.023586385638030536,0.0031412619824992267,3.560229608252145e-09,0.03872276367467869,3.52616998053452e-10,4.5426377703624736e-10,0.0020209220615806703,0.12317453585596895,0.060045870125741085,0.01812155184645735,0.021489071901020066,0.08824205225147726,0.010912187535579909,2.0819732552927257e-09,2.4588659064675235e-09,0.0534638651856098
2021-07-30,0.03164567899928977,0.03454184661352721,0.03894918238120355,7.79973482865098e-11,0.04445787462140221,0.001480245431313629,1.9591840674408565e-10,0.01867785041407863,0.006755393509074637,2.2873525591767648e-10,0.0018106618538932706,0.012770122033558198,1.911648555578275e-08,0.039661900913155426,4.722576550536766e-10,0.1136997160181917,2.385526412360322e-10,2.5006666677219932e-11,0.061932441603259086,0.014693787943736202,0.0008846845160145999,0.08184554055210536,0.0011396462961307155,0.0462142886223216,0.020028951958776083,0.025064490840816873,1.7399954042395153e-10,0.03230581863411024,6.658459686287562e-10,0.0019218185680441584,3.0521609220290823e-10,0.01907141391211127,0.09111425763381635,0.0645777170828595,1.480475246849753e-10,0.02499944816046514,0.11468453606322825,1.7434649720044376e-10,0.021404468994253772,2.5810059107378834e-10,0.033666193748752835
2021-08-31,0.0103836722320508,0.018115419150187672,1.3861531691573383e-06,0.020552354822058926,0.011846554947929688,0.003929286021345894,9.142424119179863e-10,5.396611047908534e-05,3.6575258321940486e-08,1.0181305034082795e-09,0.021499567350968234,1.0169406302152573e-08,1.6739442524189027e-08,0.03856980003935585,0.004201650686475282,0.0933449083283664,0.0006673809750095271,6.641656137797498e-10,0.06275416220741492,0.054396746543887084,0.0039708941231488635,0.08204430996854555,0.01942247914646969,0.03964529523228985,0.026063174893253205,0.04534994977433582,6.489453988209228e-10,0.028742009146134413,0.013318204707418133,0.016016514328267197,9.915170389969721e-10,0.010524036599299381,0.10365203614251398,0.06110109672492602,0.022583391973344483,0.03658961906798888,0.07726347457761364,2.6178817230593173e-08,0.012352761386636123,0.0060047729472271485,0.05503902979196372
2021-09-30,0.0213721955958595,0.030068011582103295,0.025587602459172177,0.05228581426734071,0.032909656051365435,0.010785426540289918,2.576740670157287e-08,0.019625104810226984,1.793729655619766e-09,2.1839700340943194e-10,0.025660545184936153,5.649813911947535e-10,1.4063076174044514e-09,5.700471029613982e-09,1.098868949222407e-08,0.09560451600368115,1.5877016056518802e-09,0.0010304626462994508,0.06406833064955737,0.04730513752014149,8.53754700521043e-11,0.0733950680528523,0.010158447641580805,0.016526495031310772,0.0031683124137333435,0.04302388480859485,4.903161244878591e-10,0.004753443285531082,0.012937994032613422,7.808799806209918e-10,7.490754679792473e-10,0.009245847208180603,0.1028055873392526,0.039298080416967356,0.01607224416174672,0.04158798343244222,0.09169864864904112,0.026397197385164287,0.002518907566001019,0.045516442904500645,0.034592562226181574
2021-10-29,0.012665828360938209,0.0414618707928789,0.024849315385081557,0.054021616123422836,0.05191068936145058,0.016904073966401117,1.4857674656915647e-09,0.020685909569036473,0.0021097144051589575,0.02261061817039462,7.55578537939107e-10,3.4959649994079556e-10,0.012360560999216732,0.023676536819319104,0.03256984097924654,0.09255771703720117,1.8907782084613254e-09,0.020801864598501456,0.05728198521070519,0.0167827185471887,4.563274912416064e-10,0.05249744597736479,0.023036272473434857,5.002712205900028e-10,0.02176251160180587,0.029359283921075646,9.395836670441094e-11,6.820010971924559e-10,4.582059418121733e-05,0.012022434796654831,1.0419971869010216e-09,0.015634375684339383,0.10131368178672935,0.03456694781952282,0.015665877931003262,0.04195816529578045,0.11646384152474329,8.327227102298531e-10,4.786554933501913e-10,0.007264209247805855,0.025158262451761917
2021-11-30,4.293105458097701e-09,0.028457448206142995,0.001767104456414506,0.048614201102895827,0.02072156821021697,0.014206106893021703,6.7099068446256465e-09,0.020608658246087715,4.310004106734629e-10,1.2294243480808178e-09,0.0062505205570945865,2.7855572502666784e-10,7.319741449572555e-10,0.03957856963476723,0.015732184186363532,0.0845339239915867,1.5120935759098575e-09,0.0036508358157187836,0.057295369522938726,0.05621110166430697,0.0049542299454517135,0.05568245326139092,0.002324813785727387,0.0032833197340112696,0.01660370798965673,0.028539602045198082,5.258918918953276e-10,4.352319277567146e-09,4.7693807396339286e-05,0.014872865053152141,0.02009044949967797,1.7066238854392754e-10,0.1404926712043709,0.06391410589583876,0.030990332527441933,0.040049554225742544,0.07761670588325593,0.02141377324880952,0.02638164403876162,1.9940777620111314e-06,0.055112471053863805
2021-12-31,0.0029990886821713632,0.006468118644223604,1.3875056126410127e-09,0.05227788256260479,0.017559534815452447,0.0644308400076789,6.08321949523644e-09,0.008686173646845865,3.764112600800797e-09,2.2093965833728305e-09,0.013688028951155248,1.57169816428926e-09,1.811727958360978e-09,0.03912050367470442,9.151392665763812e-09,0.08640095365109712,2.087169453237862e-09,1.6340368693764322e-09,0.04686455918799586,0.036516886668494945,1.4434578461441892e-09,0.059625306942851904,0.003377148999510939,0.01922521335052858,0.020512471944425226,0.01232315350629656,1.7014178593258905e-08,3.0366523142403503e-09,0.015285661655848744,0.014125253869319516,0.019567048380423224,0.029658295325909193,0.14005384953170416,0.06308529153762053,4.72275041833294e-09,0.0065813819660881364,0.10601597598363571,0.0329359360140599,0.030481447304811775,0.013940730833717984,0.038193206443524745
2022-01-31,0.0018438756602774295,0.03101964172662806,3.1913153171232715e-10,0.050749440150339595,0.018757865616422058,0.028180473454512283,4.00840727527381e-09,0.005889075717214129,2.4051308496989755e-09,9.886782039765382e-10,0.013234416140272562,3.2681988824487593e-09,4.1310508270435605e-10,0.027643666679067782,0.028386878778625575,0.08668594101052825,9.73766010713561e-11,0.007529725884690535,0.04510578253606453,0.05061784534790178,0.0,0.05478647910541397,0.004418053588836052,0.029776545881746847,0.005602334431387443,0.025545472210460954,5.014565736598203e-10,0.0,0.014353407472208599,0.014439052633759808,0.011448459351883298,0.016300531390914797,0.12418697058004273,0.05818931963387473,0.03151125771906794,0.0005742935214816746,0.07041840376827187,0.039470906273890084,0.041771972930504324,0.01863655690086777,0.04292534190135761
2022-02-28,1.538178170126002e-10,0.02918356117474586,1.073428804335521e-09,0.034070466076731684,0.008867012764267088,0.047569465700596184,5.034665748462568e-10,2.5361775193775648e-06,0.000916522014164666,3.4409667055953183e-10,4.2466544577802837e-10,5.052534262206254e-10,3.998027283033579e-10,0.039228896429119614,1.1857245224768891e-09,0.0739804417885582,2.1277626582611732e-10,3.8002652747490956e-10,0.04413877576086644,0.06456629466970404,8.226978474122322e-11,0.055455136988484,1.3478032424060715e-09,0.02882110329685986,0.0018669076785552382,0.036951432240034256,1.4799780777727165e-09,0.01628506790249922,0.023957109607147052,0.0267975751509725,0.04369962914459344,1.243598112724403e-09,0.11140238686531459,0.06565461426906061,0.029229240198772887,4.080201063369751e-10,0.11015208013311308,0.038546067363576554,0.04174164199830837,0.010409012861633836,0.016507012000073363
2022-03-31,1.1500632909221556e-10,0.04838296784259294,1.0664076228858073e-09,0.05283485599217998,0.008821640753357838,0.02982523860708055,1.2921206270858733e-09,0.023119355684504534,5.0321807566978275e-09,1.365803112586404e-09,0.006563776090521637,1.8095844348381537e-09,4.9955383395003034e-09,8.087852152692783e-09,0.011680826033852615,0.05897863632365312,3.067351629032123e-09,0.032488585026740686,0.03612414660723606,0.06912832688937724,3.8861886122485455e-10,0.04813121714270039,0.0,8.46946266419581e-11,0.03275655264521805,0.046931207226923254,7.738616285550232e-10,0.02990272531141853,0.011873658576901536,0.019929749801888823,0.03352156428476848,0.008405139983253476,0.10731640091548976,0.05096308316571476,0.02647334112241322,0.01648202974570005,0.09527041874456886,0.027548850939563736,0.04857072808496918,1.048808961243749e-09,0.017974947329581527
2022-04-29,0.0,0.025379943743180693,0.010008518357828754,0.047811827449147096,0.033083083979749565,0.05244303739365208,1.8707862859853672e-10,0.0007319984220963102,0.009013202246753524,0.0028133562825712133,2.899999951704802e-08,1.6540436891192924e-09,3.1027559455386563e-10,0.006584420549360226,0.011258010102240139,0.08695480989577975,0.0,0.036959095492596,0.016952133949805284,0.04195229436251843,4.362813789376075e-11,0.06233610922957655,0.028364174593372607,1.989785024585774e-12,0.003075080027218531,0.03007699621474738,6.106190465653131e-12,0.01151946929819218,0.012863574063496187,8.467764348927415e-09,0.02966978455266936,0.016611194919398418,0.14422044860467928,0.05641774855090172,0.03126533197436753,0.0,0.09539220579842826,0.036593652453743575,0.04827744022687163,0.0026422993759145906,0.008728718218257277
2022-05-31,6.894095040206098e-10,0.028922984022564612,0.009842469374056879,0.043445586127005734,0.01708691903079284,0.06734071369772736,1.842287463660881e-10,4.3522765972870614e-10,5.348301434687308e-10,5.172398411584874e-10,0.009434418230708152,1.62223485966391e-10,2.9319993879094647e-10,0.03835954221975828,0.02049458385666807,0.07745021781661132,1.8096905270010496e-10,3.0491968124210363e-09,0.015180407071235299,0.0453566740590617,3.301233727987531e-10,0.036567749978705544,0.02850564005456908,1.3856780489962338e-09,0.003322299659995652,0.02343698668965656,4.157089229905326e-10,0.002919333097182989,0.01895858491699453,0.0328680530125113,0.019382230764786977,0.023749891794846673,0.17291619141688075,0.051325177461257664,0.046819578034634185,6.722559066470546e-10,0.10433219720264265,0.014847789911355555,0.047133768908465316,2.1513642904123353e-09,5.876686579505211e-10
2022-06-30,4.1075691591696563e-10,0.0224605633054191,9.083366919097797e-10,0.03139053146468591,0.011324437200438126,0.06819177395410234,1.5070253802119763e-10,4.5975402040316846e-10,9.703729607516137e-10,0.02138272897529317,1.6949363212436346e-10,1.6007690489865995e-10,3.7433139728602746e-10,0.0023042381107780474,0.0200644248301137,0.0786937184538335,2.4470256778776053e-10,0.005574598983643183,0.031217741159086165,0.07522172816519687,4.734005754508242e-10,0.018692628760919462,0.05621369528105775,1.0781547339795029e-10,0.041783119227627764,0.027647961094464078,0.02270642622288504,3.588234749785648e-10,0.016627478470062875,0.039320662534759215,1.1426324768477197e-10,0.03327402172323397,0.16578257752240802,0.021557694228716784,0.02080487712868615,1.242411423323152e-10,0.10606766848052976,0.016001371926814577,0.045693322558258226,3.947701639356118e-09,1.2622129485821695e-09
2022-07-29,7.185105666506506e-09,0.01759376388784696,6.251756047221156e-08,3.8649230248027224e-09,0.016020766465014043,0.05844752324677163,7.743537266857016e-10,0.002317770156279651,4.173671811637214e-09,0.020713240312739262,9.070703749308667e-09,0.0001312840248705323,0.003163208576130656,0.011798489324423685,0.03319826016208654,0.09323563121205813,1.1235534148176006e-09,9.234888377022087e-10,0.037941245373558724,0.06303352365125081,3.892972643237166e-10,0.034646205067705445,0.05678804226986329,2.9497519196081736e-09,0.026707748910327848,0.019714851554208587,0.041517751283900735,0.02624236618429191,0.019661667831909865,0.01138880198953441,0.00936224517655178,0.02566097542506612,0.15701673327545182,0.052423662843866764,0.022607762601098175,5.393812269868756e-10,0.11892824529362617,1.5153609033317413e-09,0.01740139007024882,0.002336743781404909,5.020760683821201e-09
2022-08-30,3.581542432923703e-10,0.028406751680347807,0.001811294762178553,1.4716388267092781e-10,0.038314104588353166,0.03247550375643487,9.707866641625526e-11,0.014924158589283714,3.844332367289899e-10,0.028110735881160493,0.0036271463850969473,1.164807475106204e-08,1.539294912957261e-08,0.010178078536692838,0.022852783542018917,0.08260555322795875,7.085121120524257e-10,0.0,0.03778552293527883,0.06533338142296855,2.480122924405974e-11,0.038518385683309016,0.05737711695248041,1.0074760483465763e-10,0.029965900568113702,0.029341064619636602,0.03508817572684016,0.028378714182029866,0.019467430651762405,0.011972377766138265,1.7456618955652152e-10,0.01946242807032053,0.1306278938662737,0.06759992616772618,0.03617299114429848,0.0,0.11106540006611697,8.326619392828313e-11,0.01853714816997165,1.6521774254857496e-09,2.8528399273371567e-10
2022-09-30,0.0014786120107713066,0.034584839963362916,1.0388606556460793e-09,0.020379015275645958,0.008066326487295678,0.018725945986242002,4.3376895766222036e-10,5.369223846269006e-10,5.113444061329163e-10,0.03813576719120228,4.455474126108802e-10,4.5468112740602244e-10,1.7507949111087188e-09,0.0023889365956402337,8.29794120334685e-05,0.09393312445733829,0.005313969030551318,4.058854398760558e-10,0.024875460264289193,0.08103404489888943,1.545453022686933e-10,0.04194160335933141,0.05930353986980247,0.006734981676043995,0.02380308988805546,0.04126982956641727,0.04251781131190277,0.028416667652112898,0.045045562583000257,0.011034274637529628,3.127418636727783e-10,0.03492894828797419,0.1255689955195488,0.06399673746806973,0.006799576031109689,3.9170694089815767e-10,0.10092267379247173,4.171551134286881e-10,0.031192390339874983,0.0075242892333331115,3.5620485865528263e-10
2022-10-31,0.017187626438920463,0.05324630295147439,6.09410446220961e-10,0.005203977225543134,0.03920711618071419,0.04748674094402051,5.518677253920876e-10,0.0018033176372071944,0.014943000377437895,0.031249240096068467,1.016086527177556e-09,7.391341194933144e-10,0.036059858256511576,0.004623384192252798,0.0024946463579111813,0.082726708083216,5.823072692703525e-10,1.9001715940808193e-10,0.06357090081503095,0.08053386759522242,1.067990427031815e-09,0.032475879506748344,0.05928338077921859,0.0021602129381558394,0.01071454135807321,0.01690572757237578,0.04024008641654282,0.004037239340964081,0.011776246665989233,0.011360409821624475,2.894780812715847e-10,0.021595363977649485,0.10789625197443578,0.05294136416475421,0.02021750112033465,5.380635295806575e-10,0.10137919526254252,9.100413971773931e-10,0.026679902838880654,8.560569467568197e-10,1.7597257309905377e-09
2022-11-30,1.3850542988444053e-09,0.023791810501818007,0.038453872860044015,0.004883904769248568,0.04061388328556588,0.04236779959861475,2.3946174602819185e-10,3.4061843622262973e-10,0.01420400136994444,0.03851700207266191,4.085383141960733e-08,4.0967416746051024e-10,0.03715620015661631,0.005093912314312499,0.02453683531003102,0.0865644898583208,3.0387099682603707e-10,3.164811729681691e-10,0.02321380930221751,0.07771430940772543,4.172159489067265e-09,0.03362244955101534,0.05754515204376611,4.505838624548848e-10,0.010680023835307108,0.018068103790262368,0.03872348735561944,0.011454208676074433,0.026971520702441066,0.015800425570711867,1.650378860805147e-10,0.014768887252514814,0.11172070375072263,0.041384758991945915,0.038704004641459,3.002009164632229e-10,0.09847774489151945,3.3566062883109657e-10,0.02496664772073328,8.466462847713233e-10,2.9950483218897727e-10
2022-12-30,0.023752175340352993,0.009271008605357496,0.011646038127476274,0.015246331084687738,0.0024168331288423783,0.04870676166766154,1.0027386615154991e-09,0.004939437808418228,0.004406126352630403,0.030914872310824435,4.799386186519546e-10,1.0593533401161232e-09,0.028765473347288514,0.02255053707879526,0.03371274617388858,0.08571090470460967,9.740315819073612e-09,3.106680231981548e-10,0.0397431933381183,0.0801097741477385,2.3494310181622522e-09,0.04452335361558435,0.05778654620722295,1.5813864391606738e-09,0.03558164874786752,0.0050299661117968126,0.04171486655182131,0.011212126560590261,0.007402563652220924,0.024955163640682464,0.0,2.6291444899905253e-08,0.12957194046569578,0.04920952759815333,0.04272848925063311,5.154186563411098e-10,0.09687423386708387,6.083247824517805e-10,0.011517299572566113,1.6177509798235584e-08,8.248608394471418e-10
2023-01-31,0.018115687199362275,0.03495288377741279,0.031627637313257725,0.013468254110411106,0.002203603788997531,0.04977745174593753,6.571128280464065e-10,0.010684549806387228,0.014469716776119102,0.03288007249349778,6.9647279353247e-10,5.901554698276684e-10,8.00556044061755e-09,0.00857392304033401,0.017200211485930223,0.10162476065210396,6.480492401559779e-10,4.2711251815337935e-10,0.036923919796112176,0.06807058990655657,0.030421022140344284,0.04611321970610621,0.06033796485582827,0.01714390698972855,0.010977927754935437,0.005217646202192684,0.035803034650534936,4.3709859236234164e-10,0.019033676933891283,0.01560254456507988,9.086960187621212e-10,1.508475241843488e-09,0.1213764819111472,0.06010340862728454,0.04444496008719681,3.3012563199510385e-10,0.07042870354336099,6.547921296903674e-10,0.022422223759430152,6.400822705800807e-10,8.767854390663361e-10
2023-02-28,4.881049775998563e-11,0.006767364722728999,0.027869264496852005,0.0028465220948000938,0.002320721444669968,0.04688271088071506,4.423665370095153e-10,0.011198699681739952,0.013067886625423155,0.038917172071436225,1.6074267518033143e-08,1.775485446996687e-10,0.008107077429167078,0.008632354072226438,0.03669216595281293,0.10757619332305073,2.0904243968376758e-09,1.4764593196656622e-10,0.04915854632117304,0.06463827284467383,0.009100888479783189,0.026206267217170908,0.05913564184206969,0.016192743993631287,0.011122607859486168,0.03975740801784397,0.0424093367564246,0.006119656841378036,0.018952202180573523,0.016176844385760482,3.79469475902721e-11,2.592582267772366e-10,0.10961758629806947,0.057579240010650456,0.04878414682052943,0.004341785446085793,0.10982866417962509,1.2243894075354792e-10,6.848087445714672e-09,1.4027215270163112e-09,5.793183420546771e-11
2023-03-31,2.2622760598532688e-10,0.019461829091127515,0.025575635258059753,1.5944261871121764e-08,0.03497059199776328,0.03568313556388795,6.437933441114449e-10,0.038276488413788785,7.692316409698233e-08,0.028439167520724052,1.2880489810445998e-09,8.822164056165789e-10,0.023159631709901717,0.00011693232688360898,0.03689576881966733,0.10807880564999654,4.8384853593660374e-08,4.2251277225737786e-10,0.025906322900026955,0.07268196266793103,0.006121447169563148,0.02754116684558385,0.06404213044337907,0.0007446520010586333,0.019902295187992462,0.04073242317309503,0.041323592584930804,0.018078979671410454,0.005277328312826851,0.02474014915339334,2.160705360119604e-07,0.002555069558876082,0.1034746795555728,0.04349567344287904,0.03007879821294867,1.1209471571296567e-09,0.10633190646916774,1.1021635771136578e-09,1.9639550127475613e-09,0.01631304941364913,2.1911234075053097e-08
2023-04-28,8.90191538869838e-10,0.01264828368157052,0.03357195245946522,0.0003450803941996643,0.0072491255401165924,0.03641704187113454,4.020863000112386e-09,0.015801652513049432,1.5641368141056647e-08,0.018066779154490703,5.669107858899243e-10,3.3736875454777947e-09,1.1401717250083059e-08,1.7929480426514244e-08,0.03518694859004201,0.12274043271720378,1.1833740062187604e-08,7.533915270099498e-10,0.04996815788426777,0.08174318260147143,0.0009684695322893608,0.040190108032619055,0.06633740519891883,0.0007507535470703655,0.011073004636665494,0.04799815850463463,0.04153380824455109,0.019879862430162043,3.975392939389284e-06,0.04109307631132801,2.6273862797761825e-05,0.0013623544724956518,0.09310103592010825,0.040238899048209806,0.04147387410728856,7.07833678210492e-09,0.07543624701493584,0.01249792677766026,0.015166175836053524,0.037129877989245094,2.2433282939586804e-09
2023-05-31,0.0,0.00964544695184012,0.03152376900858295,0.008319387059035269,0.01022585681353512,0.028690786667296055,9.587931814023766e-09,0.015689586758170497,4.083207115753391e-10,0.018816660564250916,2.130063836665994e-10,0.003840915480602689,3.4520566142173756e-09,0.018632902709830375,0.0367587352080022,0.12358472423900901,3.5197209152296046e-10,3.7634280280597234e-10,0.016217757340494486,0.08188956757776307,8.32115571623176e-09,0.007724387038909533,0.067710916084957,0.04310613185093322,0.004958229610988535,0.05298950757174228,0.027327343442598153,0.018316034754975345,0.045900604970164294,0.018150311916624605,0.011322343637553885,0.0013035698007533244,0.08952944086056178,0.049112230895975516,0.028770158363367288,3.593829811367402e-10,0.08923659377816186,1.990803083040603e-09,0.02005090348300014,0.020655170000739152,4.986090730765811e-10
2023-06-30,0.0,0.0036712124076919293,0.02224421956126044,2.797758804890606e-10,0.03960447429246703,0.03752122851525936,0.003588958043286799,0.008573762911877277,6.741791722580513e-11,0.03863379948585368,0.0,1.7085072993703105e-11,0.01942639209108508,0.02218269907747099,0.038331030698062124,0.08323657241996453,3.623448365077977e-11,7.842815876548092e-11,0.03268300969754599,0.07946836276205878,0.026060470759536925,0.007497889001779114,0.06701092609994021,1.269784305535089e-10,0.04598004588788482,0.04557335105203934,6.415527920900459e-10,0.001798179006346599,0.030076992676953282,0.01894226602672102,0.011239185777144767,4.212424386433227e-11,0.08949087038938613,0.04654053171069378,0.016916902580790188,6.287597441589936e-11,0.0842652462889506,0.010053177597994728,0.026308900323142932,0.04307933546414131,6.040197413282506e-09
2023-07-31,1.2632495918185704e-10,0.020742764888665693,0.05167422998262313,1.2757576002915945e-08,0.03413828430461442,0.054253115016000726,0.001927753886444732,0.028351237540693824,3.0802827316604007e-10,0.028675710439136304,2.84375504167449e-10,9.55371874722611e-10,0.009496604302594509,2.622408787551312e-09,0.04984247822298395,0.11181216206276258,5.33458458177518e-10,2.068684682217386e-10,0.01732780747915224,0.036681826739536905,0.03806289154214441,0.0069282567421269465,0.06702666244641986,0.038108845866944074,2.412582722527005e-09,0.03510033685607846,0.004312433040445918,0.002430988714023317,0.028856628531121798,0.006685287784220323,0.016573285771679113,0.010065809173993755,0.09554377836034048,0.010079328546165835,0.01556624602478803,6.481936777002002e-10,0.07804020199565476,0.009911219485188747,0.0495167788685557,0.0422670233034698,1.2262408198658504e-09
2023-08-31,0.0,0.017030554048069982,0.03374449992681154,1.631062990964603e-08,0.01668651070283862,0.05163456394985147,0.0017945837673280798,0.03657488280151321,9.266352891740167e-11,4.2251036988893003e-10,1.2218769609859048e-10,0.004736009581191514,1.2874784853259135e-10,6.3204401137858055e-09,0.03827940856567676,0.10756547667958637,0.00778002175782615,5.742534918729479e-11,0.012062228672105404,0.046181951111413565,0.011447064123809204,0.010016706564229413,0.0657785572808861,0.03245601615460763,1.920574930882377e-09,0.03651779738692179,7.864936150946823e-10,3.244981225429808e-09,0.017372488532570694,0.0449499597340713,0.03822787703019412,3.0118099432882475e-10,0.10212791805873313,0.06230313057896734,0.04963546340568253,2.0250312999589122e-10,0.09551144053397598,2.1598762799561506e-10,0.020725614792746438,0.03885924373865846,3.9340676436242304e-10
2023-09-29,4.46546096795759e-10,0.021495083931375572,0.036425820894492277,4.210555675061743e-09,0.005260402800899531,0.02064280233200587,0.0006448531221094992,0.023762679715686772,1.4946440094908714e-06,7.773585142231582e-10,4.109337698200555e-10,0.022539170094217853,1.1036757425381503e-09,2.329708060228179e-09,0.05191447414284326,0.10140133994396994,6.199495463101339e-08,8.869927964222208e-10,0.010403204555299465,0.06701452007087506,0.011519115025392107,0.009053386584310187,0.06454156627563111,0.016542859663159316,2.4518961455476924e-05,0.046761261039389795,0.03017017358671357,8.814378339932108e-09,0.017260613863566015,0.03600500828467814,0.04529680568338934,1.688892206629541e-08,0.12060062127905245,0.018703095255624677,0.04491165733855087,5.442120983480502e-09,0.09744620092017664,0.0037377197048569415,0.028562723439663477,0.047356716127407154,7.4130514858844216e-09
2023-10-31,0.0,0.03281674292144454,0.03642814903908172,5.670759980571282e-11,0.022716910541285443,0.0386997182637892,3.18384900996267e-10,0.02320245206829399,2.1594007814904896e-11,4.828774115075882e-10,6.007970247174732e-11,0.0035110340224532724,3.328014116640841e-11,3.6614393994667273e-09,0.022368130704193905,0.0829071822197522,5.570041817340444e-10,2.0820221106656507e-11,0.011799875469222058,0.0560476258270811,0.004438396052867261,0.008725698005341153,0.06464317615177384,0.01370163320057011,8.053439817676565e-10,0.059745962049593954,0.03003098444032466,0.020729728538222428,3.113389000530829e-10,0.04603677219172499,0.04524167691392238,3.5325614610177e-08,0.10049419487270338,0.027596306906116714,0.04334824319264106,0.023734397828630995,0.10548638125538291,0.02100778269452158,0.025496848039845817,0.027310903422333478,0.0017330515124007843
2023-11-30,0.0,0.004563571712305251,0.021848016987663286,6.27341556609265e-11,0.050946984390877866,0.04055159572411647,5.590424801233119e-11,1.2530660309932563e-09,7.765427252347428e-10,0.020135822236319767,4.384625851325141e-11,0.009124098600450395,5.6376480210436125e-11,0.0017320645378242532,0.03912562973168375,0.06776298120249048,1.2063539339125646e-10,7.746255282639347e-11,0.022122705882188332,0.05405771818528391,0.024886427403615123,0.009106006210804336,0.0637482069266669,4.1249677004295105e-10,1.5464585313660587e-09,0.05998467841937709,0.01334928505375771,0.03471253547705719,0.04636138828071236,0.04703867166316946,0.045611734006139444,0.008300893514491323,0.10409777075486598,0.019087674804152292,0.020612069413233427,0.0077157987803522995,0.10103663660871746,6.793161020327391e-10,0.026347550253426506,0.036031474950587124,3.202830989089796e-09
2023-12-29,2.293577870510581e-11,0.007976375229198085,0.02657775603569017,0.0005191494753764622,0.03561368861189825,0.0531648136880927,0.0060157226748124085,3.478144404255789e-10,1.40485686150082e-10,0.04281665440094887,9.083083311345981e-11,0.025574903355295074,2.18838200302225e-10,0.0171453670794652,0.04952963345552414,0.06876233500052982,0.008962326691365477,8.9571583415221e-11,0.014240255519086396,0.06576853540353604,0.017662299728912412,0.00842605250972474,0.06255467082166674,3.225086876287121e-10,1.164096331961663e-09,0.0453646246280593,0.012965972933097316,0.04804885091365348,0.004817230873284007,0.03120387517738493,0.04027536243336318,0.008565521298173439,0.10474302227878075,0.007451127290021664,0.028765384863494083,2.570018339355774e-07,0.09061897188221242,0.008080972303645413,0.048372685677588026,0.009415598223613297,1.4359011811144922e-10
2024-01-31,1.1401381585206797e-09,0.03443693436097599,0.021186594857063517,0.019432977406453965,0.012416938213812758,0.0493631563533811,6.5105983461249795e-09,7.321553589913636e-08,1.7068797013621563e-09,0.04400719068390993,2.2654752617348962e-09,0.00892327194040314,0.009145672707753166,0.017073794154760805,0.043658405500755636,0.073501504546955,0.009743034165462853,0.00949794836368728,0.012624751099164798,0.05717942416638527,0.014596395339169779,0.010958831300918232,0.061377018296080256,1.635280501213473e-07,4.162279181726539e-08,0.060793522903078816,0.012079321966690218,0.020701249628970003,0.033007019283891034,0.048998025519297654,8.795533249879747e-09,0.009115918006507833,0.09775052534798777,0.009810600989439113,0.00795172135457843,5.7374382905614385e-09,0.08936496417817749,0.0010009385057510398,0.05147041007753737,0.047446144217340544,0.0013854900412183198
2024-02-29,0.029862317820688315,0.01527547628550027,0.02291481476225516,0.018781791368422174,8.833242072211373e-09,0.07417502283635106,3.9402755013629204e-10,1.7883547600550609e-06,1.878381502520985e-09,0.031052450894531586,1.0233439674658015e-07,0.00924150038844044,1.4712115986424624e-09,0.012819802562595321,0.05474559576959134,0.04814759323581063,0.035287998569660584,0.01185067225247412,0.018167743630739384,0.06457939337766387,0.02031537129750269,0.01044022867442493,0.05068328843665731,4.600397521077937e-09,0.012823090525971715,0.056078806426921285,4.546524087158023e-10,1.5981039562543363e-09,0.02121318799709396,0.04986491334093096,0.03190533462045231,9.160980320324463e-09,0.11301264622640148,0.012330347603875847,0.02231229091647313,1.7878571665404328e-09,0.0607543275936775,0.0017646887283890075,0.05061776223118306,0.03897961896556304,1.7917466694447937e-09
2024-03-28,0.02052864927690353,0.0098823543693431,0.035594349956675334,0.018988154012993586,1.055375753143694e-10,0.03924576367131586,0.013895478375505511,3.874685541643707e-09,0.008125575381566885,0.03773759450784751,9.454374774981767e-10,0.02081564408103112,1.3648427405004342e-10,0.001094320224857479,0.05413266083373786,0.03833345609978672,0.020911061989423482,0.0,0.025744177809302677,0.06701639700070096,4.553620973737122e-09,0.013011891331615828,0.016686789107791148,2.2076845337461364e-10,5.682392889376041e-10,0.0219714338091178,0.01741772793486454,8.035523244049131e-10,0.026800677914829308,0.04903647103052178,0.028147179891237422,0.011868911212342612,0.13675149410662585,0.04556943174946558,0.049762998700841,0.0,0.07079601068352658,1.7085976720544777e-10,0.029859839958242974,0.037654768903668055,0.032618724695132176
2024-04-30,0.024246523200404838,0.0059467873935836165,0.0027310106123328353,0.022112016318304183,0.007651985627310213,0.06309761855624062,0.013892948277620193,0.0005133933937208648,0.010070227798327072,0.022554367206504694,2.8163949067273744e-10,7.758924751283364e-10,1.5955375976730234e-10,0.0011441651873080536,0.0511351699712196,0.04255989525383138,0.02971510513394428,1.1223062847696538e-10,0.01288739807259317,0.07430918579417008,0.023536858107949834,0.02106983418664624,0.01682978210665396,5.943215692522129e-10,0.0061024548793655094,0.06025522303919122,2.6142663787424164e-10,0.029152224456043298,0.025412272787635096,0.05100596778529575,0.010341319373994497,3.3350634104194534e-10,0.14250395996434587,0.03231218231131689,0.052306833207516924,8.740655472757286e-09,0.06919831229741623,8.323433131460688e-10,0.044026450294970314,0.022512328247165442,0.00886618706550752
2024-05-31,7.131909286128903e-09,5.6078053226000364e-09,0.005878870873467702,0.03288127158098748,1.25723741214588e-09,0.07435031131131592,1.5979933819988474e-09,9.447438741298291e-10,5.738784922466873e-10,0.009111303090016771,5.17611156717636e-10,0.029222379644380486,8.397801348574239e-10,0.031583898681748185,0.0188326910084321,0.042553268453004126,5.525129558947375e-10,6.554520220966148e-10,0.0029660486009412653,0.07970637243060016,0.008709286643379591,0.0039112770803524845,0.01658338548681944,1.2428885771757245e-09,6.112478828345961e-10,0.05794879551802423,4.89020488757377e-10,0.03750333241379382,0.024024971869453467,0.05078510729849492,0.04605192356265269,0.006968298610254057,0.13837522109307313,0.0416970688765792,0.05170166391288274,0.018758148236378783,0.09699201715746021,2.4845356625979645e-09,0.042111672688563445,0.022333525942917345,0.008457863427409463
2024-06-28,0.003830448440570049,0.004594115419193268,0.004044681431980677,0.03485688540318909,6.485538720491108e-10,0.08171427171620443,0.014408012821461301,0.006063650954826475,0.011372071613909832,0.04485459318163742,7.565540141012133e-09,9.370200458369985e-10,0.010058633849368582,0.0004391996980322988,0.006907293869563378,0.0509981793150558,0.015428435862760857,0.03114670782739454,0.02951183300243098,0.07320619239193175,0.003318485122535063,0.007127474284947186,0.02005722298841956,1.3616004457918985e-10,3.043747174601701e-08,0.053206833905684266,0.016392099174194714,0.051827907226372524,0.022453794795495866,0.049172164832095945,0.01630279438670656,0.004003262546927703,0.10063399269802165,0.045783607447033435,0.05039132421814116,0.01297906701778413,0.10785014758081238,2.9164819682231564e-10,0.01506457460829915,6.122493476360514e-11,2.893989745875813e-10
2024-07-31,0.017756217155214877,8.688965431545805e-09,0.04183632443963863,2.920216456697798e-09,0.009775799160188213,0.08168364794981352,1.490470234609476e-09,0.006084961322174268,0.003607528984073445,0.04572567858365555,6.2484230241422074e-09,1.7371573953567677e-08,0.0002563162472508308,0.035286678502189764,0.010581991412396624,0.06749121353989138,0.03577742210761954,0.018852766107590114,0.019426846783753546,0.06906154123155867,3.125839420987755e-09,0.01056731288227855,0.0014186643236251768,2.8350407222966017e-09,1.0221982901242142e-08,0.016582204165482655,0.04572542804797099,0.011219922064443862,0.038191568935560416,0.024622885788771906,2.410499551400836e-09,0.031288806063266936,0.12584025950536937,0.024574228324910602,0.021818481336089213,0.01948647978607162,0.09304693241184403,4.389886456164337e-08,0.010249395828050746,0.036644028692446005,0.02551836910493279
2024-08-30,0.01926881090487473,0.0012165264305515286,0.004113621175030506,1.9211914864070474e-09,7.745711774083927e-10,0.0694949509442863,6.97194581081752e-10,0.026125861210359355,0.0,0.04575499970922051,1.0518907755340794e-08,1.2638550676877452e-09,6.446368455118474e-09,0.0340706636576025,0.011177427894404067,0.05573126618140142,0.03545064350181042,0.0,0.027370818097344388,0.05294462798205054,5.794122954291348e-10,0.0492960039258171,0.031537062350000866,2.8106022021695976e-10,0.014290168447726088,0.02343434663179347,0.04365709697359905,0.03699387367438344,0.00836849608565209,0.023044321508685985,0.014269031990873081,0.03535096530994557,0.08572976281127533,0.06913324689448935,0.02287645083141927,0.017817575846334328,0.09561584489257426,3.663020342442779e-09,1.9757068233360284e-09,0.04586550451684443,1.4983618974417419e-09
2024-09-30,0.02221392285003816,0.0012698028844549674,0.004228263464175748,0.01217442020299855,2.6091512603732426e-09,0.0825622069382766,0.019632321201930383,0.027725261938092802,0.002681818761883882,0.04499525632817305,1.2820680387414036e-07,0.010307657411194254,0.012320718320903366,0.026145887964897904,0.017785161983593614,0.06351301576325004,0.03358759637599618,2.5493503914505846e-10,0.028575073771795405,0.0660370687648529,7.579397779036132e-09,0.050698385026737784,0.03191901488764017,2.924150523135673e-10,0.005440086773938557,0.01572402567799052,0.016874700126883847,0.004388186900772188,1.2031306120512737e-06,0.011234923607969682,0.040858495750750706,0.017813874829813094,0.09538954670107816,0.04929487466039684,0.04468350003039109,1.2457990541361095e-10,0.10861435852598277,0.008255318809519355,6.278407393262388e-10,0.023053909683935492,2.53956284702628e-10
2024-10-31,0.015581768421971558,0.0011914551509283678,0.016878312036819557,0.044235937795490066,2.050153850805743e-08,0.0880687997005571,0.03720287529371108,0.033394289784588874,2.637772184182161e-09,0.023023940667905425,1.6845337557960125e-09,2.0330403274389502e-09,3.043599097297248e-09,0.010713756274673442,0.025550604478736548,0.06290436428057253,0.03546675726044581,0.018842696240378407,0.032578553034068466,0.0687031761518395,8.927139792657142e-09,0.05111722059999079,0.026878219560427605,1.8497866633116465e-08,0.00540466005414161,6.487602604051664e-10,0.04895807578004601,0.01610375559892305,0.0016508712134185304,0.05029800794595847,1.108491035542902e-06,0.024172596973825497,0.10439803542461308,0.012971053914379338,0.045625707355416975,6.480271539993759e-09,0.07694676315933091,8.762719687897711e-09,1.7349088847260267e-08,0.02113654358418028,3.2052948718421955e-09
2024-11-29,0.034657354030639576,0.01988471064150917,0.014443103017989688,0.037054582366143424,3.738233186637409e-09,0.08863737457845532,0.03572575942134041,0.036815865932809756,3.6256774166759656e-10,3.445890006596468e-09,0.013037547008134299,5.1031729587403816e-09,1.022980827463641e-07,0.02122848085631559,0.057400725324417604,0.06647743179823563,0.015681640056883644,0.015345121200416213,0.014005250681034594,0.08417126155599476,4.597231441512719e-11,0.04265085576738544,0.028463490655823646,2.2066824813179233e-08,1.7245819259560792e-09,2.527692568550259e-10,0.03575114504893873,4.129769258464859e-09,1.915223636496386e-09,0.04989300822352775,1.4324813044532706e-09,3.6045376241466825e-06,0.09888695642230863,0.04127769969427341,0.054745319402093595,4.351205744589048e-09,0.0548875213736349,0.012814266680350595,8.761464735835662e-10,0.015965202052528236,0.010094569928269768
2024-12-31,0.0,6.712707004045589e-09,0.0035550452128254566,0.004281917292686048,1.075330727441685e-09,0.08857117747271331,8.911801982225688e-10,0.006716042855809767,5.396451352057916e-10,0.01064752142750717,0.03969170789781658,0.0,2.5332960025645448e-08,0.035993931166526806,0.03668609871466132,0.07525361366136803,0.033521889478720514,5.229858562381783e-09,0.03380741741583307,0.0846413059710552,0.0,0.032638479437655965,0.03072815616079628,0.022209377823656895,1.118442554461869e-09,0.013692666328052635,0.051404039292987556,0.006734906005082317,4.339532180737436e-09,0.028150990642776257,0.010493593789311903,0.04189064020132757,0.1003980157464796,0.06192151755990316,0.033182207761500764,1.5676261748459154e-09,0.0898030287708185,0.019429408384361833,9.900721260096178e-12,2.9835932554386954e-09,0.003955253726988818
2025-01-31,0.00016682384188953646,3.0058484891928847e-09,0.005149680990121938,0.010028655909250849,0.00933032987312964,0.07935639559347428,0.027718502426480354,4.345366229142703e-09,3.3301340186965686e-09,3.4207638056406286e-09,0.0387978546000138,0.009716354754512255,0.028424954035047842,0.021153481604147834,0.056257615507634945,0.10229771838742167,3.6751543822219243e-09,2.268289997411388e-09,0.020550289455122505,0.08293214107160798,5.223928438708464e-10,0.04204618418068501,0.04576910416999626,0.0053859743825874044,3.0486430306516978e-06,0.02125314753884063,0.051123365308599754,0.010329933167258224,4.10403915617612e-09,0.009990078831555425,2.3762348030776872e-09,0.0297906010206615,0.08826139191488859,0.060346749376201436,0.04698651948416951,5.77320372159498e-08,0.06414857515475322,0.006971855182998326,2.4617821035114905e-09,0.021469015078468063,0.004243571273407576
2025-02-28,0.0,6.297544282989574e-10,4.697696032089374e-10,0.011625934857929832,0.02075694643600311,0.09133992272580076,9.260982868225885e-10,0.014207458572501799,9.068488340605323e-10,2.0128444995125743e-09,0.03922237306019104,2.495450163720311e-09,0.02808394241952811,0.02090610637527367,0.019682956200833233,0.1031249074035892,1.4749062268867629e-09,3.776426040220747e-09,0.02808638879009448,0.07131134328396731,0.0,0.03782336915631293,0.05153363036105262,0.014863834751648828,0.005201600162179607,0.03150446410475738,0.04948550511582075,0.002747436152611968,1.394559851333932e-09,3.158051829568561e-08,0.011454183642731606,0.03607426399166496,0.09000103475366712,0.0512650417799329,0.026473695812880775,5.443532660155216e-10,0.0721242994680132,0.023393149439538415,1.5150349414968752e-08,0.03325128251148618,0.014454867308109458
2025-03-28,4.667026733041761e-10,5.955966491976863e-10,1.834131654909985e-09,0.02197960523638092,0.04343911521852614,0.0937456568283215,5.277362480772531e-10,0.005921227149576075,0.00408738623381359,4.371274026311487e-08,0.03914938112869,1.2054303932426144e-08,0.022089908825170073,0.003120023757805415,0.01881118331714529,0.10585059275002054,4.076418268330321e-10,0.019275286639862596,0.02710732447891565,0.07023691470530757,2.1795101512875974e-10,0.04896015374637424,0.050027650213708454,0.021111789472350727,0.005553999404291436,0.023648904244814098,0.04775565902609952,0.023871747061398198,5.64218331016159e-08,0.017142735278764094,0.007364576731507068,5.889776506382471e-08,0.09507451850468586,0.04059679924259163,0.012782516477434515,3.590851630828203e-10,0.044489814854518556,0.030160381195732788,3.859214802408856e-10,0.03536058104693502,0.021284391347849423
2025-04-30,4.660585576532649e-10,2.072394335603801e-09,6.1371803866410805e-09,0.02972321767379608,0.04062260388086902,0.09143452358348315,1.0213927515659776e-09,7.523622687938551e-09,0.0024492837258066574,0.0122771852527792,0.039358735016964456,3.0493399682960275e-08,0.02227883540795078,7.228067861639374e-09,0.025437336966525458,0.10798061025095891,9.7472514419926e-10,0.022934226799289952,0.02903666076384784,0.07210542874210023,2.421725071388902e-10,0.04530323084747136,0.04916121273182771,0.036637380968475894,0.014582231510292261,0.023699695194021483,0.024380120009028963,0.0010046751480152659,6.512848116843043e-08,0.030014843666822763,2.0496323063107114e-09,0.0019772662326557246,0.09034397827993147,0.04019958556220141,0.02773461125177015,2.3058303374461567e-08,0.05916995159631231,2.5350385897531433e-09,5.414850406275844e-10,0.03727970664116708,0.022872712823680138
2025-05-30,4.624856755254024e-10,3.5139890064186902e-09,9.491773845477851e-09,0.03038219265639218,0.03639123678245246,0.0914852425682697,0.002767430830669804,0.0019403548814214266,0.010568751385518663,1.375340969857348e-09,0.028013583437263415,1.0146408784932965e-08,0.021106002608545504,0.019009756949415858,0.03864311185842264,0.11390087747153085,3.8281679514198407e-10,5.995035243623928e-10,0.02231001876572537,0.07831760340690694,2.1523002539269632e-10,0.023259072814735254,0.040971683658937635,0.03495110241045601,0.04437073166928331,0.004169239659390185,0.01592587485706274,0.0044394982567289454,5.779816169138704e-08,0.02795080409346521,0.011337941100710333,0.015866279665768174,0.11385371204511634,0.026002370731048587,0.04446271624141753,4.3780035975268326e-10,0.05867333313135276,0.004938585008405739,4.293271362348021e-09,0.030606832466936195,0.0033839698698681564
2025-06-30,3.972963130944543e-09,2.0492278026492848e-10,1.6287365852752944e-08,0.0402539545037981,0.05345813544311816,0.09097110325147308,0.008343332680443532,3.1097631284133604e-09,1.419868430534283e-09,0.01881347389872391,0.04002079483310309,0.013019611101195611,0.009749066374834421,4.5102231231033914e-10,0.035528761771616554,0.09752915140275487,1.2707011450216455e-09,2.912348259782729e-10,0.03199182114836018,0.08710662795904031,1.7975811515687332e-10,0.032850319367197234,0.05781482427272004,0.03223342726816138,0.018356450362925984,0.04487831782241202,8.746915882689063e-10,0.022676832303230803,1.0184448598229726e-07,0.027066606126073103,8.776057615936677e-06,3.315810622355643e-09,0.09838088609096937,0.036053149221835744,0.04052194342033523,1.678867144047433e-09,0.0571294341900353,0.001487855495477699,0.0037551924368085586,1.4929476466647345e-08,1.3648082641030016e-09
2025-07-31,0.004389039052527463,3.5628730299598674e-10,0.01344738054641675,0.019404965548409793,0.05462606276374078,0.09825075593420454,0.0069130921373141575,0.004588899494498887,2.9712438601723927e-07,4.408036869594644e-09,0.040091522608089104,0.011188633635607152,0.026811767567889732,2.2139222301067242e-08,0.04412056911707447,0.10963957983379578,1.4389466918453221e-10,1.2920185229413077e-09,0.003673399041033435,0.07014502975636246,2.915242538331394e-11,0.004101104261169087,0.02903745834350216,0.034146886906961535,0.037439839733965516,0.019750484317360126,9.60797849465797e-10,0.011327594538221051,0.025586424633147007,0.004314377226443492,3.120978939368721e-10,2.9285535409537184e-09,0.137945131620449,0.03137322654620607,0.0013795124398772527,0.011529702356851914,0.05032427418127496,0.02772257584252195,0.04195650859961308,0.024773867008714468,4.712309340942575e-09
2025-08-29,1.4435048696328731e-05,2.3654101481781906e-09,1.2507279223852673e-08,0.02266391796628835,0.054864716510368124,0.09774793340156505,0.01383328838869587,0.01508813653416659,3.666262034882208e-07,1.1030750084925855e-08,0.03943817799493192,0.018894874491438486,0.00641939826111754,2.3431620833065342e-07,0.01830631834528184,0.11403638604310526,0.0,2.0413164108552118e-09,0.01972184062689578,0.08793259320707053,0.0,0.019275316806074975,0.0403837089135631,0.030912372707129144,0.01415921374350468,0.023581466777147723,0.020871067160956436,7.537740572775369e-08,0.013624180712749108,0.004262695246306247,3.214024550357252e-08,0.012617210559917784,0.1363173388502183,0.03504424950347537,0.02003217091329778,0.024650492142565518,0.033458655936770935,0.0021774136364111265,0.008234542795080775,0.03324271593037213,0.018192434440018286
2025-09-30,4.85006231411038e-10,4.663732967327783e-09,2.7687340265442785e-10,0.019259617306177135,0.028274666040028366,0.09638666443518981,4.091080673562768e-09,0.0019675647400210863,0.01599309715650862,3.843408364256505e-08,0.03445819068135557,0.02555656143557807,0.0377633025072869,0.02527554617762106,0.006682714101477639,0.11321209799380004,1.8862017543805655e-10,9.902025725658329e-09,0.04622089510384733,0.0853555182273271,3.441965025945649e-11,0.002478043957205439,0.010746237620479151,0.006254093741138926,0.014271447162195104,0.027372025780158495,0.003124816282928626,0.04358774622552123,0.013469389395416007,1.5618221546933832e-09,1.5757951350450878e-07,6.063620166451514e-10,0.11645107835278497,0.05371334822147245,2.961118871571362e-10,0.00264502292081817,0.034513669461430876,0.033163814596741975,0.029991772553288363,0.05032606362274061,0.021484776079808872
2025-10-31,4.24093623873195e-09,1.3022721198924818e-09,3.58545665297648e-09,0.015285335888543207,0.06494075481223975,0.07817889502520095,0.017638746499513153,0.02593723800958231,0.015218547223352568,0.0157833468875756,9.561218155754498e-10,0.022770112953502016,0.04043798901097598,1.3647442879056264e-07,3.2113116330098147e-09,0.10099467209288665,1.1813749801959636e-08,5.107248805112323e-08,0.04802817473079775,0.0812364728076972,4.285009102941472e-10,0.0024668003866230065,0.010440986212408956,0.02676358216071371,0.01165834634715472,0.030736606568314003,0.01957639414686651,0.057625994865710455,1.375912801413998e-08,0.00786617601641679,2.5314290163770336e-07,7.280368919390497e-08,0.11583549928932006,0.0551033492198421,6.137245702444246e-09,0.009897060017307993,0.03497551727675052,0.020312958346664804,3.207135569813578e-08,0.04597539624138666,0.024314455963066434
2025-11-28,0.004185876722924558,1.4588615407845226e-09,9.030220406158432e-08,0.017213699281215248,0.06442285493014657,0.09938054914980562,0.0039663747513472136,0.025519947266605773,0.02666827037615204,4.695623726481825e-09,1.8003497822814458e-09,0.010378145744283212,0.030709876300205895,0.01937483607790871,0.008444923232521146,0.10124838740262251,9.500711246492348e-10,0.022427328640431246,0.02921329997953678,0.05408511924566069,1.1871035840062612e-10,0.011378699907748062,0.022483643136576942,0.02505275036042956,0.017984914044317166,0.021257876510478307,2.37196590657442e-09,0.05655886314713552,0.02193129211700649,0.008798579474701192,0.0038335793518349103,9.787101818261692e-09,0.11527198396069009,0.05823287002749885,2.5780349349732326e-09,0.04101597764976632,0.051924702177741325,0.009170386691143268,5.2798735235959556e-08,0.01434652948262559,0.0035176959972806196
2025-12-31,0.03752828832240747,0.02946580303487538,0.007629542430852137,0.016671072561003288,0.06272659540058573,0.09616454006308078,8.53316374613984e-10,0.0069504367139301,0.010266348811020797,1.3887893027224564e-09,4.725167916700055e-10,6.846110818801628e-10,0.0316516203399373,1.216577147353536e-08,0.02591655081857666,0.0990188279865599,0.035988823092847275,9.01426704436701e-10,0.04246615977192844,0.05199289431444647,2.6437102606596926e-11,0.011712293141563216,0.0028961376645761858,0.03271998156896217,0.015568188406806743,0.0324984419955666,0.008194874845616514,0.043587118688315475,0.0046835666777423875,0.0005520058827396971,0.017261071109467264,6.199687406172394e-10,0.12922477857772213,0.07112904882521465,0.022428977646664905,3.0809452472200286e-10,0.05024170955905919,3.901011199535547e-07,0.0028638917677449058,1.5686724988325157e-09,8.894617458496695e-10
2026-01-30,0.031982795250045847,0.026821411185506624,0.009784106938374608,0.0031845719476156684,0.04930216785319563,0.09334282306039621,0.03270776327380207,0.020131217356873666,0.00933720090871254,3.5603557510968904e-10,1.947725158167766e-10,2.888415202120751e-10,0.03200551533326671,0.011773234850366975,0.017716356087227443,0.1050420089473091,0.02613906732905441,0.03533994817723337,0.010523745023111443,0.053964902965985106,7.320922743488206e-12,0.02127087111231923,0.012101408684822755,2.918623420738309e-10,0.019582923516288396,0.03248919618998471,0.01370304574152664,0.05378269513543964,0.005029910374392021,7.143617219290555e-10,8.819371230232865e-11,1.6382314785984602e-10,0.11920556370372376,0.08098145366188654,0.006158735607796763,0.004798754767743854,0.051743704730291336,9.311061938591946e-10,0.00796615567248421,3.0009383270564657e-10,0.002086741276811429
2026-02-27,0.004651104492526908,0.012236223337450463,0.05098064607696977,0.0032399504467737674,0.004982482088624657,0.08879809217567886,0.035436555662494575,0.020548197161803377,1.3643284144412355e-10,0.04434401309413018,6.746752663283497e-11,1.2258551935926198e-10,0.03587227320908906,0.006687515555861782,0.03144046269841031,0.10468042950565654,0.025318193644219382,0.04132559747253028,0.02508330081667241,0.059278484091035505,9.058064327712826e-12,0.01679414484469081,1.2429217741496381e-10,1.8917075689201875e-10,0.0039054500844811586,0.01769565523798679,0.01822415178229274,0.02592958541744079,0.028082278401948137,5.137873175752061e-09,2.1136995808923904e-10,6.749954416206838e-11,0.09899586345135558,0.09043203177688179,1.5247032949218786e-10,0.0241517303246242,0.03232747885540826,0.021450356542082456,0.011122805776622242,0.01598493967951561,7.652177153384615e-11
2026-03-30,0.004509915811514401,4.729407461658427e-10,0.0459631842536627,0.02386726077607951,0.006239295645467158,0.07602576985767379,0.037433294321326194,0.026121273731754643,5.862611303729377e-10,0.022488039233864488,1.4987669831205834e-08,2.4261605424239824e-07,0.03824558908140846,0.006283802022464156,0.020124286923185516,0.0965812755079854,0.03597478976198231,0.013854455006577985,0.029683505253766795,0.058248612438690756,0.001770431240918444,0.0006970747899146081,3.20551295046528e-10,2.2029362404135435e-10,0.0037349864881816583,0.044026228847856244,0.006208980633524195,0.02872396495748093,0.03292413431203246,0.013516193103775971,0.00980756906415702,0.005622019061799312,0.10724137215260554,0.08498151641962237,0.011626266696979812,0.014734666016445705,0.052318455600894966,5.050518654207965e-10,0.025198271028731373,0.015223259589855062,6.5899722811368e-10
2026-04-30,8.280112372850806e-10,8.660505780316902e-10,0.021936765492357048,0.005518543183754054,0.003336511433380823,0.0836001128889133,7.760076203682102e-10,0.03780502928564609,8.803383401753817e-10,0.030236312199145424,3.854563908476425e-09,0.007799094929361345,0.03835773566618259,0.006378994960296887,0.03655789029292855,0.08143094004947077,0.0357871903932497,0.015108608959252232,0.01175220209987505,0.05670197201400899,1.87482816749295e-10,0.03626078777755321,7.229291121341629e-10,8.343587131160011e-10,0.003763934274415301,0.01667433018418879,0.006047895308713389,0.014157757462355359,2.5121131637494587e-09,0.033253665894229456,0.032394703376644345,0.005616198676908853,0.12906370403250422,0.08574609143332437,0.04418288135778543,0.04486490594612805,0.020538853108855913,3.2177171832172406e-09,0.03989398826386612,0.015232383590228766,7.849030313326813e-10
2026-05-29,2.662154885208593e-09,5.73561617731395e-09,0.019236230821643902,0.005838050528289485,0.005436524783830629,0.0697506304726172,1.9958261802404817e-09,0.023899626570647082,7.194449522233638e-10,0.015995696234922384,4.715440241377128e-09,0.007991314493108297,0.03432087003815046,2.3059821735151494e-09,0.0018688160706963844,0.0793903969534754,0.01841319514963906,0.027386569146663004,0.020985506630818915,0.058637537453854555,3.34110293430563e-09,0.0015783051609928826,4.4370216415129356e-09,0.03564536837853028,0.003924035077291688,0.03380707877486107,1.1034240009799506e-08,0.010351043827108785,0.04613890946324678,0.033519151564600384,0.034361071550631735,0.03090284643695845,0.115692559385736,0.08266486601606764,0.03100990898394562,0.018726322170281633,0.06550889657909613,1.721603046666897e-08,0.05132081066724849,0.015697801680885703,4.771300349409771e-09
2026-06-30,0.042331011323090466,0.03217692731150169,0.015873237761539982,0.02527822322861525,0.006893323260884603,0.070509406301757,3.528298442587882e-10,0.011143503571526102,7.552700101065829e-10,0.026763649564006075,0.0007002577559888296,7.48438479739387e-10,0.04134285530642329,0.016898318146946725,0.003703273623010872,0.04261943229658283,0.013581351796267575,0.04246887794379892,0.023405676685517914,0.04632039655433492,5.041456245264879e-10,0.010056307385162387,1.0077468164381998e-08,0.03414885741184965,0.0224933552133294,0.03910362491797014,3.8464047387547785e-06,0.0024967591926772256,0.04591728001594629,0.03998368097776874,0.01526881957652309,0.006317370748605949,0.09317951871686685,0.08253571511072332,0.04511524032569922,0.011459219883911244,0.034566746028634354,0.007094364787960824,0.030720595920141005,0.0031659517337549784,0.014363010777791289
2026-07-31,0.045602835505671374,0.03238715535976108,0.05174917364943865,0.007720748195600206,0.010332477425323042,0.06050601268113229,2.610251529734405e-10,0.007074182981371763,4.052806886991955e-09,0.033927807869455304,2.294241063040661e-09,0.012120744778171866,0.03127861856459404,0.021314592379745242,2.4934908323151723e-09,0.04565717725909615,0.0006545491228336919,0.03435271315231911,0.021193816313055232,0.05354526753822036,4.194794269211498e-10,0.010969760863220851,1.1320552831357743e-08,0.02384130604156108,0.024777826518475387,0.04324926236681449,9.474345517617144e-09,0.02738469473231068,0.0376483515424549,0.015770221101382726,9.149070995759418e-08,0.01043869713712809,0.09094506342453675,0.0838777241092592,0.055092404186749946,1.1551046623938848e-09,0.02721586749695187,0.021591302866934805,0.053589064475225094,7.038485835284781e-10,0.004190456695599756
2026-08-31,0.03886052066279757,0.024723505199311636,0.020357474818394217,2.997471878339579e-09,0.06789767325939015,0.07826224896288025,9.524841880072802e-10,0.008411665554418758,3.3497872391158746e-09,0.031012042245095822,0.006144602714268378,7.083677167414046e-10,0.04258397246225866,2.0974118169382203e-09,0.01944997375176704,0.03850815971102,7.993936677444234e-09,0.030118134617213965,0.010730560245813163,0.054797689807634734,0.013893990799905699,8.483169415042944e-10,7.443738111896622e-09,0.024617942719461355,0.0065486481380933985,0.023599180597804064,5.0044857750828634e-05,0.017675070625699014,0.04663175610291806,0.014910522245035975,0.005037462035524595,0.02706637523778482,0.08361672521852224,0.08162459456948623,0.05744676774627044,0.01098455106398425,0.02003192967612562,0.038312545683539236,0.05609363299824356,7.747230890199475e-09,1.5328408678804975e-09
2026-09-29,5.577207814352636e-10,0.006821252506952824,0.01928641542565328,0.0173998730855048,0.024238092475230396,0.0696837465650365,0.0,0.008204090526597685,2.3598314081783334e-10,1.1270460432001906e-08,0.04397862353828914,0.0,0.03445529957284182,0.010725260469167757,0.016933247838003727,0.03823787046328737,2.3770112522141188e-08,0.04298498091573593,0.010366199802291521,0.07378840942217993,0.03084853388304582,5.577654609445671e-10,1.1816637044128496e-10,0.03257568961821976,0.051390464354369704,0.0469154798940471,4.760785897272648e-05,6.802461466920405e-10,0.045891026417045906,0.01577123218653559,2.5030255581872613e-09,0.010495605695219049,0.10257351954497268,0.08059218555745941,0.057166139333465524,7.956828830094566e-11,0.015031283193091237,0.038194884555595936,0.0554029446118933,6.914759021584565e-10,2.247690332274849e-10
